snippet_id,version,mode,rule,ruleset,priority,begin_line,end_line,message,external_info_url
so_11838438_block_2,before,RAW,SystemPrintln,Best Practices,2,13,13,Usage of System.out/err,https://docs.pmd-code.org/snapshot/pmd_rules_java_bestpractices.html#systemprintln
so_11838438_block_2,before,RAW,SystemPrintln,Best Practices,2,20,20,Usage of System.out/err,https://docs.pmd-code.org/snapshot/pmd_rules_java_bestpractices.html#systemprintln
so_11838438_block_2,before,RAW,SystemPrintln,Best Practices,2,24,24,Usage of System.out/err,https://docs.pmd-code.org/snapshot/pmd_rules_java_bestpractices.html#systemprintln
so_11838438_block_2,before,RAW,SystemPrintln,Best Practices,2,27,27,Usage of System.out/err,https://docs.pmd-code.org/snapshot/pmd_rules_java_bestpractices.html#systemprintln
so_12738229_block_2,before,RAW,SystemPrintln,Best Practices,2,33,33,Usage of System.out/err,https://docs.pmd-code.org/snapshot/pmd_rules_java_bestpractices.html#systemprintln
so_12738229_block_2,before,RAW,SystemPrintln,Best Practices,2,37,37,Usage of System.out/err,https://docs.pmd-code.org/snapshot/pmd_rules_java_bestpractices.html#systemprintln
so_12738229_block_2,before,RAW,SystemPrintln,Best Practices,2,42,42,Usage of System.out/err,https://docs.pmd-code.org/snapshot/pmd_rules_java_bestpractices.html#systemprintln
so_13462440_block_6,before,RAW,IdenticalCatchBranches,Code Style,3,41,43,'catch' branch identical to 'InterruptedException' branch,https://docs.pmd-code.org/snapshot/pmd_rules_java_codestyle.html#identicalcatchbranches
so_13558161_block_6,before,RAW,SimplifyBooleanExpressions,Design,3,34,34,Avoid unnecessary comparisons in boolean expressions,https://docs.pmd-code.org/snapshot/pmd_rules_java_design.html#simplifybooleanexpressions
so_13558161_block_6,before,RAW,EmptyCatchBlock,Error Prone,3,40,41,Avoid empty catch blocks,https://docs.pmd-code.org/snapshot/pmd_rules_java_errorprone.html#emptycatchblock
so_13558161_block_6,before,RAW,AvoidCatchingGenericException,Error Prone,3,40,40,Avoid catching Exception in try-catch block,https://docs.pmd-code.org/snapshot/pmd_rules_java_errorprone.html#avoidcatchinggenericexception
so_13558161_block_6,before,RAW,AvoidDeeplyNestedIfStmts,Design,3,43,46,Deeply nested if..then statements are hard to read,https://docs.pmd-code.org/snapshot/pmd_rules_java_design.html#avoiddeeplynestedifstmts
so_13558161_block_6,before,RAW,CollapsibleIfStatements,Design,3,43,46,This if statement could be combined with its parent,https://docs.pmd-code.org/snapshot/pmd_rules_java_design.html#collapsibleifstatements
so_13558161_block_6,before,RAW,SimplifyBooleanExpressions,Design,3,43,43,Avoid unnecessary comparisons in boolean expressions,https://docs.pmd-code.org/snapshot/pmd_rules_java_design.html#simplifybooleanexpressions
so_13558161_block_6,before,RAW,SystemPrintln,Best Practices,2,88,88,Usage of System.out/err,https://docs.pmd-code.org/snapshot/pmd_rules_java_bestpractices.html#systemprintln
so_13558161_block_6,before,RAW,AvoidCatchingGenericException,Error Prone,3,96,96,Avoid catching Exception in try-catch block,https://docs.pmd-code.org/snapshot/pmd_rules_java_errorprone.html#avoidcatchinggenericexception
so_13558161_block_6,before,RAW,AvoidPrintStackTrace,Best Practices,3,97,97,Avoid printStackTrace(); use a logger call instead.,https://docs.pmd-code.org/snapshot/pmd_rules_java_bestpractices.html#avoidprintstacktrace
so_13558161_block_6,before,RAW,EmptyCatchBlock,Error Prone,3,109,110,Avoid empty catch blocks,https://docs.pmd-code.org/snapshot/pmd_rules_java_errorprone.html#emptycatchblock
so_13558161_block_6,before,RAW,AvoidCatchingGenericException,Error Prone,3,109,109,Avoid catching Exception in try-catch block,https://docs.pmd-code.org/snapshot/pmd_rules_java_errorprone.html#avoidcatchinggenericexception
so_13558161_block_6,before,RAW,CognitiveComplexity,Design,3,116,116,"The method 'run()' has a cognitive complexity of 24, current threshold is 15",https://docs.pmd-code.org/snapshot/pmd_rules_java_design.html#cognitivecomplexity
so_13558161_block_6,before,RAW,CyclomaticComplexity,Design,3,116,116,The method 'run()' has a cyclomatic complexity of 11.,https://docs.pmd-code.org/snapshot/pmd_rules_java_design.html#cyclomaticcomplexity
so_13558161_block_6,before,RAW,UnusedAssignment,Best Practices,3,133,133,The value assigned to variable 'firstOnLine' is never used,https://docs.pmd-code.org/snapshot/pmd_rules_java_bestpractices.html#unusedassignment
so_13558161_block_6,before,RAW,AvoidCatchingGenericException,Error Prone,3,158,158,Avoid catching Exception in try-catch block,https://docs.pmd-code.org/snapshot/pmd_rules_java_errorprone.html#avoidcatchinggenericexception
so_13558161_block_6,before,RAW,UnusedLocalVariable,Best Practices,3,178,178,Avoid unused local variables such as 'g'.,https://docs.pmd-code.org/snapshot/pmd_rules_java_bestpractices.html#unusedlocalvariable
so_2275596_block_2,before,RAW,CloseResource,Error Prone,3,12,12,Ensure that resources like this ExecutorService object are closed after use,https://docs.pmd-code.org/snapshot/pmd_rules_java_errorprone.html#closeresource
so_2275596_block_2,before,RAW,SystemPrintln,Best Practices,2,19,19,Usage of System.out/err,https://docs.pmd-code.org/snapshot/pmd_rules_java_bestpractices.html#systemprintln
so_2275596_block_2,before,RAW,SystemPrintln,Best Practices,2,21,21,Usage of System.out/err,https://docs.pmd-code.org/snapshot/pmd_rules_java_bestpractices.html#systemprintln
so_2275596_block_2,before,RAW,SystemPrintln,Best Practices,2,23,23,Usage of System.out/err,https://docs.pmd-code.org/snapshot/pmd_rules_java_bestpractices.html#systemprintln
so_24127188_block_2,before,RAW,PreserveStackTrace,Best Practices,3,19,19,Thrown exception does not preserve the stack trace of exception 'e' on all code paths,https://docs.pmd-code.org/snapshot/pmd_rules_java_bestpractices.html#preservestacktrace
so_29575747_block_2,before,RAW,CloseResource,Error Prone,3,22,22,Ensure that resources like this FileInputStream object are closed after use,https://docs.pmd-code.org/snapshot/pmd_rules_java_errorprone.html#closeresource
so_29575747_block_2,before,RAW,UnusedAssignment,Best Practices,3,22,22,The initializer for variable 'fis' is never used (overwritten on line 37),https://docs.pmd-code.org/snapshot/pmd_rules_java_bestpractices.html#unusedassignment
so_29575747_block_2,before,RAW,UseTryWithResources,Best Practices,3,27,55,Consider using a try-with-resources statement instead of explicitly closing the resource,https://docs.pmd-code.org/snapshot/pmd_rules_java_bestpractices.html#usetrywithresources
so_29575747_block_2,before,RAW,SystemPrintln,Best Practices,2,30,30,Usage of System.out/err,https://docs.pmd-code.org/snapshot/pmd_rules_java_bestpractices.html#systemprintln
so_29575747_block_2,before,RAW,UseTryWithResources,Best Practices,3,31,50,Consider using a try-with-resources statement instead of explicitly closing the resource,https://docs.pmd-code.org/snapshot/pmd_rules_java_bestpractices.html#usetrywithresources
so_29575747_block_2,before,RAW,SystemPrintln,Best Practices,2,33,33,Usage of System.out/err,https://docs.pmd-code.org/snapshot/pmd_rules_java_bestpractices.html#systemprintln
so_29575747_block_2,before,RAW,SystemPrintln,Best Practices,2,41,41,Usage of System.out/err,https://docs.pmd-code.org/snapshot/pmd_rules_java_bestpractices.html#systemprintln
so_29575747_block_2,before,RAW,SystemPrintln,Best Practices,2,44,44,Usage of System.out/err,https://docs.pmd-code.org/snapshot/pmd_rules_java_bestpractices.html#systemprintln
so_29575747_block_2,before,RAW,ControlStatementBraces,Code Style,3,47,47,This statement should have braces,https://docs.pmd-code.org/snapshot/pmd_rules_java_codestyle.html#controlstatementbraces
so_29575747_block_2,before,RAW,ControlStatementBraces,Code Style,3,48,48,This statement should have braces,https://docs.pmd-code.org/snapshot/pmd_rules_java_codestyle.html#controlstatementbraces
so_29575747_block_2,before,RAW,ControlStatementBraces,Code Style,3,49,49,This statement should have braces,https://docs.pmd-code.org/snapshot/pmd_rules_java_codestyle.html#controlstatementbraces
so_29575747_block_2,before,RAW,ControlStatementBraces,Code Style,3,54,54,This statement should have braces,https://docs.pmd-code.org/snapshot/pmd_rules_java_codestyle.html#controlstatementbraces
so_33270545_block_2,before,RAW,AssignmentInOperand,Error Prone,3,12,12,Avoid assignment to len in operand,https://docs.pmd-code.org/snapshot/pmd_rules_java_errorprone.html#assignmentinoperand
so_34174309_block_2,before,RAW,UseTryWithResources,Best Practices,3,29,45,Consider using a try-with-resources statement instead of explicitly closing the resource,https://docs.pmd-code.org/snapshot/pmd_rules_java_bestpractices.html#usetrywithresources
so_34174309_block_2,before,RAW,UseTryWithResources,Best Practices,3,61,75,Consider using a try-with-resources statement instead of explicitly closing the resource,https://docs.pmd-code.org/snapshot/pmd_rules_java_bestpractices.html#usetrywithresources
so_34590765_block_2,before,RAW,UnusedLocalVariable,Best Practices,3,41,41,Avoid unused local variables such as 'bounds'.,https://docs.pmd-code.org/snapshot/pmd_rules_java_bestpractices.html#unusedlocalvariable
so_34590765_block_2,before,RAW,ControlStatementBraces,Code Style,3,83,83,This statement should have braces,https://docs.pmd-code.org/snapshot/pmd_rules_java_codestyle.html#controlstatementbraces
so_3519182_block_2,before,RAW,ControlStatementBraces,Code Style,3,21,21,This statement should have braces,https://docs.pmd-code.org/snapshot/pmd_rules_java_codestyle.html#controlstatementbraces
so_3519182_block_2,before,RAW,AvoidReassigningParameters,Best Practices,2,24,24,Avoid reassigning parameters such as 'str',https://docs.pmd-code.org/snapshot/pmd_rules_java_bestpractices.html#avoidreassigningparameters
so_3519182_block_2,before,RAW,ControlStatementBraces,Code Style,3,24,24,This statement should have braces,https://docs.pmd-code.org/snapshot/pmd_rules_java_codestyle.html#controlstatementbraces
so_3870210_block_4,before,RAW,EmptyControlStatement,Code Style,3,10,11,Empty while statement,https://docs.pmd-code.org/snapshot/pmd_rules_java_codestyle.html#emptycontrolstatement
so_3870210_block_4,before,RAW,ControlStatementBraces,Code Style,3,10,11,This statement should have braces,https://docs.pmd-code.org/snapshot/pmd_rules_java_codestyle.html#controlstatementbraces
so_3870210_block_4,before,RAW,AssignmentInOperand,Error Prone,3,10,10,Avoid assignment to next in operand,https://docs.pmd-code.org/snapshot/pmd_rules_java_errorprone.html#assignmentinoperand
so_3870210_block_4,before,RAW,AssignmentInOperand,Error Prone,3,10,10,Avoid assignment to index in operand,https://docs.pmd-code.org/snapshot/pmd_rules_java_errorprone.html#assignmentinoperand
so_3870210_block_4,before,RAW,ControlStatementBraces,Code Style,3,19,19,This statement should have braces,https://docs.pmd-code.org/snapshot/pmd_rules_java_codestyle.html#controlstatementbraces
so_3870210_block_4,before,RAW,ControlStatementBraces,Code Style,3,22,22,This statement should have braces,https://docs.pmd-code.org/snapshot/pmd_rules_java_codestyle.html#controlstatementbraces
so_3870210_block_4,before,RAW,AssignmentInOperand,Error Prone,3,23,23,Avoid assignment to next in operand,https://docs.pmd-code.org/snapshot/pmd_rules_java_errorprone.html#assignmentinoperand
so_3870210_block_4,before,RAW,UnusedAssignment,Best Practices,3,23,23,The value assigned to field 'next' is never used (overwritten on line 25),https://docs.pmd-code.org/snapshot/pmd_rules_java_bestpractices.html#unusedassignment
so_3870210_block_4,before,RAW,EmptyControlStatement,Code Style,3,25,26,Empty while statement,https://docs.pmd-code.org/snapshot/pmd_rules_java_codestyle.html#emptycontrolstatement
so_3870210_block_4,before,RAW,ControlStatementBraces,Code Style,3,25,26,This statement should have braces,https://docs.pmd-code.org/snapshot/pmd_rules_java_codestyle.html#controlstatementbraces
so_3870210_block_4,before,RAW,AssignmentInOperand,Error Prone,3,25,25,Avoid assignment to next in operand,https://docs.pmd-code.org/snapshot/pmd_rules_java_errorprone.html#assignmentinoperand
so_3870210_block_4,before,RAW,UnusedAssignment,Best Practices,3,25,25,The value assigned to field 'next' is never used (reassigned every iteration),https://docs.pmd-code.org/snapshot/pmd_rules_java_bestpractices.html#unusedassignment
so_3870210_block_4,before,RAW,AssignmentInOperand,Error Prone,3,25,25,Avoid assignment to index in operand,https://docs.pmd-code.org/snapshot/pmd_rules_java_errorprone.html#assignmentinoperand
so_3870210_block_4,before,RAW,ControlStatementBraces,Code Style,3,33,33,This statement should have braces,https://docs.pmd-code.org/snapshot/pmd_rules_java_codestyle.html#controlstatementbraces
so_3870210_block_4,before,RAW,ControlStatementBraces,Code Style,3,35,35,This statement should have braces,https://docs.pmd-code.org/snapshot/pmd_rules_java_codestyle.html#controlstatementbraces
so_50738131_block_2,before,RAW,EmptyCatchBlock,Error Prone,3,27,29,Avoid empty catch blocks,https://docs.pmd-code.org/snapshot/pmd_rules_java_errorprone.html#emptycatchblock
so_54119640_block_4,before,RAW,ControlStatementBraces,Code Style,3,12,12,This statement should have braces,https://docs.pmd-code.org/snapshot/pmd_rules_java_codestyle.html#controlstatementbraces
so_54119640_block_4,before,RAW,AssignmentInOperand,Error Prone,3,18,18,Avoid assignment to sorter in operand,https://docs.pmd-code.org/snapshot/pmd_rules_java_errorprone.html#assignmentinoperand
so_54119640_block_4,before,RAW,AvoidDeeplyNestedIfStmts,Design,3,20,23,Deeply nested if..then statements are hard to read,https://docs.pmd-code.org/snapshot/pmd_rules_java_design.html#avoiddeeplynestedifstmts
so_54298032_block_2,before,RAW,UseTryWithResources,Best Practices,3,14,25,Consider using a try-with-resources statement instead of explicitly closing the resource,https://docs.pmd-code.org/snapshot/pmd_rules_java_bestpractices.html#usetrywithresources
so_54298032_block_2,before,RAW,UseTryWithResources,Best Practices,3,28,39,Consider using a try-with-resources statement instead of explicitly closing the resource,https://docs.pmd-code.org/snapshot/pmd_rules_java_bestpractices.html#usetrywithresources
so_11838438_block_2,after,RAW,SystemPrintln,Best Practices,2,13,13,Usage of System.out/err,https://docs.pmd-code.org/snapshot/pmd_rules_java_bestpractices.html#systemprintln
so_11838438_block_2,after,RAW,SystemPrintln,Best Practices,2,20,20,Usage of System.out/err,https://docs.pmd-code.org/snapshot/pmd_rules_java_bestpractices.html#systemprintln
so_11838438_block_2,after,RAW,SystemPrintln,Best Practices,2,24,24,Usage of System.out/err,https://docs.pmd-code.org/snapshot/pmd_rules_java_bestpractices.html#systemprintln
so_11838438_block_2,after,RAW,SystemPrintln,Best Practices,2,27,27,Usage of System.out/err,https://docs.pmd-code.org/snapshot/pmd_rules_java_bestpractices.html#systemprintln
so_12738229_block_2,after,RAW,SystemPrintln,Best Practices,2,32,32,Usage of System.out/err,https://docs.pmd-code.org/snapshot/pmd_rules_java_bestpractices.html#systemprintln
so_12738229_block_2,after,RAW,SystemPrintln,Best Practices,2,36,36,Usage of System.out/err,https://docs.pmd-code.org/snapshot/pmd_rules_java_bestpractices.html#systemprintln
so_12738229_block_2,after,RAW,SystemPrintln,Best Practices,2,41,41,Usage of System.out/err,https://docs.pmd-code.org/snapshot/pmd_rules_java_bestpractices.html#systemprintln
so_13462440_block_6,after,RAW,AvoidPrintStackTrace,Best Practices,3,44,44,Avoid printStackTrace(); use a logger call instead.,https://docs.pmd-code.org/snapshot/pmd_rules_java_bestpractices.html#avoidprintstacktrace
so_13462440_block_6,after,RAW,IdenticalCatchBranches,Code Style,3,45,47,'catch' branch identical to 'InterruptedException' branch,https://docs.pmd-code.org/snapshot/pmd_rules_java_codestyle.html#identicalcatchbranches
so_13462440_block_6,after,RAW,AvoidPrintStackTrace,Best Practices,3,46,46,Avoid printStackTrace(); use a logger call instead.,https://docs.pmd-code.org/snapshot/pmd_rules_java_bestpractices.html#avoidprintstacktrace
so_13558161_block_6,after,RAW,SimplifyBooleanExpressions,Design,3,34,34,Avoid unnecessary comparisons in boolean expressions,https://docs.pmd-code.org/snapshot/pmd_rules_java_design.html#simplifybooleanexpressions
so_13558161_block_6,after,RAW,EmptyCatchBlock,Error Prone,3,40,41,Avoid empty catch blocks,https://docs.pmd-code.org/snapshot/pmd_rules_java_errorprone.html#emptycatchblock
so_13558161_block_6,after,RAW,AvoidCatchingGenericException,Error Prone,3,40,40,Avoid catching Exception in try-catch block,https://docs.pmd-code.org/snapshot/pmd_rules_java_errorprone.html#avoidcatchinggenericexception
so_13558161_block_6,after,RAW,AvoidDeeplyNestedIfStmts,Design,3,43,46,Deeply nested if..then statements are hard to read,https://docs.pmd-code.org/snapshot/pmd_rules_java_design.html#avoiddeeplynestedifstmts
so_13558161_block_6,after,RAW,CollapsibleIfStatements,Design,3,43,46,This if statement could be combined with its parent,https://docs.pmd-code.org/snapshot/pmd_rules_java_design.html#collapsibleifstatements
so_13558161_block_6,after,RAW,SimplifyBooleanExpressions,Design,3,43,43,Avoid unnecessary comparisons in boolean expressions,https://docs.pmd-code.org/snapshot/pmd_rules_java_design.html#simplifybooleanexpressions
so_13558161_block_6,after,RAW,SystemPrintln,Best Practices,2,88,88,Usage of System.out/err,https://docs.pmd-code.org/snapshot/pmd_rules_java_bestpractices.html#systemprintln
so_13558161_block_6,after,RAW,AvoidCatchingGenericException,Error Prone,3,96,96,Avoid catching Exception in try-catch block,https://docs.pmd-code.org/snapshot/pmd_rules_java_errorprone.html#avoidcatchinggenericexception
so_13558161_block_6,after,RAW,AvoidPrintStackTrace,Best Practices,3,97,97,Avoid printStackTrace(); use a logger call instead.,https://docs.pmd-code.org/snapshot/pmd_rules_java_bestpractices.html#avoidprintstacktrace
so_13558161_block_6,after,RAW,EmptyCatchBlock,Error Prone,3,109,110,Avoid empty catch blocks,https://docs.pmd-code.org/snapshot/pmd_rules_java_errorprone.html#emptycatchblock
so_13558161_block_6,after,RAW,AvoidCatchingGenericException,Error Prone,3,109,109,Avoid catching Exception in try-catch block,https://docs.pmd-code.org/snapshot/pmd_rules_java_errorprone.html#avoidcatchinggenericexception
so_13558161_block_6,after,RAW,CognitiveComplexity,Design,3,116,116,"The method 'run()' has a cognitive complexity of 24, current threshold is 15",https://docs.pmd-code.org/snapshot/pmd_rules_java_design.html#cognitivecomplexity
so_13558161_block_6,after,RAW,CyclomaticComplexity,Design,3,116,116,The method 'run()' has a cyclomatic complexity of 11.,https://docs.pmd-code.org/snapshot/pmd_rules_java_design.html#cyclomaticcomplexity
so_13558161_block_6,after,RAW,UnusedAssignment,Best Practices,3,133,133,The value assigned to variable 'firstOnLine' is never used,https://docs.pmd-code.org/snapshot/pmd_rules_java_bestpractices.html#unusedassignment
so_13558161_block_6,after,RAW,AvoidCatchingGenericException,Error Prone,3,158,158,Avoid catching Exception in try-catch block,https://docs.pmd-code.org/snapshot/pmd_rules_java_errorprone.html#avoidcatchinggenericexception
so_13558161_block_6,after,RAW,UnusedLocalVariable,Best Practices,3,178,178,Avoid unused local variables such as 'g'.,https://docs.pmd-code.org/snapshot/pmd_rules_java_bestpractices.html#unusedlocalvariable
so_2275596_block_2,after,RAW,CloseResource,Error Prone,3,12,12,Ensure that resources like this ExecutorService object are closed after use,https://docs.pmd-code.org/snapshot/pmd_rules_java_errorprone.html#closeresource
so_2275596_block_2,after,RAW,SystemPrintln,Best Practices,2,16,16,Usage of System.out/err,https://docs.pmd-code.org/snapshot/pmd_rules_java_bestpractices.html#systemprintln
so_2275596_block_2,after,RAW,SystemPrintln,Best Practices,2,17,17,Usage of System.out/err,https://docs.pmd-code.org/snapshot/pmd_rules_java_bestpractices.html#systemprintln
so_2275596_block_2,after,RAW,SystemPrintln,Best Practices,2,18,18,Usage of System.out/err,https://docs.pmd-code.org/snapshot/pmd_rules_java_bestpractices.html#systemprintln
so_2275596_block_2,after,RAW,SystemPrintln,Best Practices,2,21,21,Usage of System.out/err,https://docs.pmd-code.org/snapshot/pmd_rules_java_bestpractices.html#systemprintln
so_24127188_block_2,after,RAW,UseStringBufferForStringAppends,Performance,3,13,13,Prefer StringBuilder (non-synchronized) or StringBuffer (synchronized) over += for concatenating strings,https://docs.pmd-code.org/snapshot/pmd_rules_java_performance.html#usestringbufferforstringappends
so_24127188_block_2,after,RAW,PreserveStackTrace,Best Practices,3,19,19,Thrown exception does not preserve the stack trace of exception 'e' on all code paths,https://docs.pmd-code.org/snapshot/pmd_rules_java_bestpractices.html#preservestacktrace
so_29575747_block_2,after,RAW,CloseResource,Error Prone,3,22,22,Ensure that resources like this FileInputStream object are closed after use,https://docs.pmd-code.org/snapshot/pmd_rules_java_errorprone.html#closeresource
so_29575747_block_2,after,RAW,UnusedAssignment,Best Practices,3,22,22,The initializer for variable 'fis' is never used (overwritten on line 41),https://docs.pmd-code.org/snapshot/pmd_rules_java_bestpractices.html#unusedassignment
so_29575747_block_2,after,RAW,UseTryWithResources,Best Practices,3,31,59,Consider using a try-with-resources statement instead of explicitly closing the resource,https://docs.pmd-code.org/snapshot/pmd_rules_java_bestpractices.html#usetrywithresources
so_29575747_block_2,after,RAW,SystemPrintln,Best Practices,2,34,34,Usage of System.out/err,https://docs.pmd-code.org/snapshot/pmd_rules_java_bestpractices.html#systemprintln
so_29575747_block_2,after,RAW,UseTryWithResources,Best Practices,3,35,54,Consider using a try-with-resources statement instead of explicitly closing the resource,https://docs.pmd-code.org/snapshot/pmd_rules_java_bestpractices.html#usetrywithresources
so_29575747_block_2,after,RAW,SystemPrintln,Best Practices,2,37,37,Usage of System.out/err,https://docs.pmd-code.org/snapshot/pmd_rules_java_bestpractices.html#systemprintln
so_29575747_block_2,after,RAW,SystemPrintln,Best Practices,2,45,45,Usage of System.out/err,https://docs.pmd-code.org/snapshot/pmd_rules_java_bestpractices.html#systemprintln
so_29575747_block_2,after,RAW,SystemPrintln,Best Practices,2,48,48,Usage of System.out/err,https://docs.pmd-code.org/snapshot/pmd_rules_java_bestpractices.html#systemprintln
so_29575747_block_2,after,RAW,ControlStatementBraces,Code Style,3,51,51,This statement should have braces,https://docs.pmd-code.org/snapshot/pmd_rules_java_codestyle.html#controlstatementbraces
so_29575747_block_2,after,RAW,ControlStatementBraces,Code Style,3,52,52,This statement should have braces,https://docs.pmd-code.org/snapshot/pmd_rules_java_codestyle.html#controlstatementbraces
so_29575747_block_2,after,RAW,ControlStatementBraces,Code Style,3,53,53,This statement should have braces,https://docs.pmd-code.org/snapshot/pmd_rules_java_codestyle.html#controlstatementbraces
so_29575747_block_2,after,RAW,ControlStatementBraces,Code Style,3,58,58,This statement should have braces,https://docs.pmd-code.org/snapshot/pmd_rules_java_codestyle.html#controlstatementbraces
so_29575747_block_2,after,RAW,CloseResource,Error Prone,3,68,68,Ensure that resources like this FileOutputStream object are closed after use,https://docs.pmd-code.org/snapshot/pmd_rules_java_errorprone.html#closeresource
so_29575747_block_2,after,RAW,CloseResource,Error Prone,3,69,69,Ensure that resources like this ZipOutputStream object are closed after use,https://docs.pmd-code.org/snapshot/pmd_rules_java_errorprone.html#closeresource
so_29575747_block_2,after,RAW,CloseResource,Error Prone,3,72,72,Ensure that resources like this FileInputStream object are closed after use,https://docs.pmd-code.org/snapshot/pmd_rules_java_errorprone.html#closeresource
so_29575747_block_2,after,RAW,AssignmentInOperand,Error Prone,3,75,75,Avoid assignment to len in operand,https://docs.pmd-code.org/snapshot/pmd_rules_java_errorprone.html#assignmentinoperand
so_29575747_block_2,after,RAW,SystemPrintln,Best Practices,2,83,83,Usage of System.out/err,https://docs.pmd-code.org/snapshot/pmd_rules_java_bestpractices.html#systemprintln
so_29575747_block_2,after,RAW,AvoidPrintStackTrace,Best Practices,3,86,86,Avoid printStackTrace(); use a logger call instead.,https://docs.pmd-code.org/snapshot/pmd_rules_java_bestpractices.html#avoidprintstacktrace
so_34174309_block_2,after,RAW,UseTryWithResources,Best Practices,3,30,46,Consider using a try-with-resources statement instead of explicitly closing the resource,https://docs.pmd-code.org/snapshot/pmd_rules_java_bestpractices.html#usetrywithresources
so_34174309_block_2,after,RAW,UseTryWithResources,Best Practices,3,62,76,Consider using a try-with-resources statement instead of explicitly closing the resource,https://docs.pmd-code.org/snapshot/pmd_rules_java_bestpractices.html#usetrywithresources
so_34590765_block_2,after,RAW,CognitiveComplexity,Design,3,68,68,"The method 'draw(Canvas)' has a cognitive complexity of 17, current threshold is 15",https://docs.pmd-code.org/snapshot/pmd_rules_java_design.html#cognitivecomplexity
so_34590765_block_2,after,RAW,AvoidDeeplyNestedIfStmts,Design,3,86,92,Deeply nested if..then statements are hard to read,https://docs.pmd-code.org/snapshot/pmd_rules_java_design.html#avoiddeeplynestedifstmts
so_34590765_block_2,after,RAW,ControlStatementBraces,Code Style,3,132,132,This statement should have braces,https://docs.pmd-code.org/snapshot/pmd_rules_java_codestyle.html#controlstatementbraces
so_3519182_block_2,after,RAW,ControlStatementBraces,Code Style,3,13,13,This statement should have braces,https://docs.pmd-code.org/snapshot/pmd_rules_java_codestyle.html#controlstatementbraces
so_3870210_block_4,after,RAW,EmptyControlStatement,Code Style,3,10,11,Empty while statement,https://docs.pmd-code.org/snapshot/pmd_rules_java_codestyle.html#emptycontrolstatement
so_3870210_block_4,after,RAW,ControlStatementBraces,Code Style,3,10,11,This statement should have braces,https://docs.pmd-code.org/snapshot/pmd_rules_java_codestyle.html#controlstatementbraces
so_3870210_block_4,after,RAW,AssignmentInOperand,Error Prone,3,10,10,Avoid assignment to next in operand,https://docs.pmd-code.org/snapshot/pmd_rules_java_errorprone.html#assignmentinoperand
so_3870210_block_4,after,RAW,AssignmentInOperand,Error Prone,3,10,10,Avoid assignment to index in operand,https://docs.pmd-code.org/snapshot/pmd_rules_java_errorprone.html#assignmentinoperand
so_3870210_block_4,after,RAW,ControlStatementBraces,Code Style,3,16,16,This statement should have braces,https://docs.pmd-code.org/snapshot/pmd_rules_java_codestyle.html#controlstatementbraces
so_3870210_block_4,after,RAW,ControlStatementBraces,Code Style,3,19,19,This statement should have braces,https://docs.pmd-code.org/snapshot/pmd_rules_java_codestyle.html#controlstatementbraces
so_3870210_block_4,after,RAW,AssignmentInOperand,Error Prone,3,20,20,Avoid assignment to next in operand,https://docs.pmd-code.org/snapshot/pmd_rules_java_errorprone.html#assignmentinoperand
so_3870210_block_4,after,RAW,UnusedAssignment,Best Practices,3,20,20,The value assigned to field 'next' is never used (overwritten on line 22),https://docs.pmd-code.org/snapshot/pmd_rules_java_bestpractices.html#unusedassignment
so_3870210_block_4,after,RAW,EmptyControlStatement,Code Style,3,22,23,Empty while statement,https://docs.pmd-code.org/snapshot/pmd_rules_java_codestyle.html#emptycontrolstatement
so_3870210_block_4,after,RAW,ControlStatementBraces,Code Style,3,22,23,This statement should have braces,https://docs.pmd-code.org/snapshot/pmd_rules_java_codestyle.html#controlstatementbraces
so_3870210_block_4,after,RAW,AssignmentInOperand,Error Prone,3,22,22,Avoid assignment to next in operand,https://docs.pmd-code.org/snapshot/pmd_rules_java_errorprone.html#assignmentinoperand
so_3870210_block_4,after,RAW,UnusedAssignment,Best Practices,3,22,22,The value assigned to field 'next' is never used (reassigned every iteration),https://docs.pmd-code.org/snapshot/pmd_rules_java_bestpractices.html#unusedassignment
so_3870210_block_4,after,RAW,AssignmentInOperand,Error Prone,3,22,22,Avoid assignment to index in operand,https://docs.pmd-code.org/snapshot/pmd_rules_java_errorprone.html#assignmentinoperand
so_50738131_block_2,after,RAW,EmptyCatchBlock,Error Prone,3,27,29,Avoid empty catch blocks,https://docs.pmd-code.org/snapshot/pmd_rules_java_errorprone.html#emptycatchblock
so_54119640_block_4,after,RAW,ControlStatementBraces,Code Style,3,9,9,This statement should have braces,https://docs.pmd-code.org/snapshot/pmd_rules_java_codestyle.html#controlstatementbraces
so_54298032_block_2,after,RAW,SystemPrintln,Best Practices,2,16,16,Usage of System.out/err,https://docs.pmd-code.org/snapshot/pmd_rules_java_bestpractices.html#systemprintln
so_54298032_block_2,after,RAW,UseTryWithResources,Best Practices,3,18,31,Consider using a try-with-resources statement instead of explicitly closing the resource,https://docs.pmd-code.org/snapshot/pmd_rules_java_bestpractices.html#usetrywithresources
so_54298032_block_2,after,RAW,SystemPrintln,Best Practices,2,32,32,Usage of System.out/err,https://docs.pmd-code.org/snapshot/pmd_rules_java_bestpractices.html#systemprintln
so_54298032_block_2,after,RAW,SystemPrintln,Best Practices,2,36,36,Usage of System.out/err,https://docs.pmd-code.org/snapshot/pmd_rules_java_bestpractices.html#systemprintln
so_54298032_block_2,after,RAW,UseTryWithResources,Best Practices,3,38,51,Consider using a try-with-resources statement instead of explicitly closing the resource,https://docs.pmd-code.org/snapshot/pmd_rules_java_bestpractices.html#usetrywithresources
so_54298032_block_2,after,RAW,SystemPrintln,Best Practices,2,52,52,Usage of System.out/err,https://docs.pmd-code.org/snapshot/pmd_rules_java_bestpractices.html#systemprintln
so_10967469_block_2,before,CLASS_MEMBER,AvoidCatchingGenericException,Error Prone,3,6,6,Avoid catching Exception in try-catch block,https://docs.pmd-code.org/snapshot/pmd_rules_java_errorprone.html#avoidcatchinggenericexception
so_10967469_block_2,before,CLASS_MEMBER,AvoidPrintStackTrace,Best Practices,3,7,7,Avoid printStackTrace(); use a logger call instead.,https://docs.pmd-code.org/snapshot/pmd_rules_java_bestpractices.html#avoidprintstacktrace
so_16114563_block_2,before,CLASS_MEMBER,SimplifyBooleanReturns,Design,3,9,13,This if statement can be replaced by `return !{condition};`,https://docs.pmd-code.org/snapshot/pmd_rules_java_design.html#simplifybooleanreturns
so_16799135_block_10,before,CLASS_MEMBER,ControlStatementBraces,Code Style,3,3,3,This statement should have braces,https://docs.pmd-code.org/snapshot/pmd_rules_java_codestyle.html#controlstatementbraces
so_16799135_block_10,before,CLASS_MEMBER,AvoidReassigningParameters,Best Practices,2,7,7,Avoid reassigning parameters such as 'period',https://docs.pmd-code.org/snapshot/pmd_rules_java_bestpractices.html#avoidreassigningparameters
so_16799135_block_10,before,CLASS_MEMBER,ControlStatementBraces,Code Style,3,7,7,This statement should have braces,https://docs.pmd-code.org/snapshot/pmd_rules_java_codestyle.html#controlstatementbraces
so_16799135_block_10,before,CLASS_MEMBER,ControlStatementBraces,Code Style,3,10,10,This statement should have braces,https://docs.pmd-code.org/snapshot/pmd_rules_java_codestyle.html#controlstatementbraces
so_16799135_block_10,before,CLASS_MEMBER,ControlStatementBraces,Code Style,3,13,14,This statement should have braces,https://docs.pmd-code.org/snapshot/pmd_rules_java_codestyle.html#controlstatementbraces
so_16799135_block_10,before,CLASS_MEMBER,ControlStatementBraces,Code Style,3,21,21,This statement should have braces,https://docs.pmd-code.org/snapshot/pmd_rules_java_codestyle.html#controlstatementbraces
so_189739_block_2,before,CLASS_MEMBER,SystemPrintln,Best Practices,2,4,4,Usage of System.out/err,https://docs.pmd-code.org/snapshot/pmd_rules_java_bestpractices.html#systemprintln
so_19340685_block_2,before,CLASS_MEMBER,AssignmentInOperand,Error Prone,3,5,5,Avoid assignment to c in operand,https://docs.pmd-code.org/snapshot/pmd_rules_java_errorprone.html#assignmentinoperand
so_19340685_block_2,before,CLASS_MEMBER,ControlStatementBraces,Code Style,3,6,6,This statement should have braces,https://docs.pmd-code.org/snapshot/pmd_rules_java_codestyle.html#controlstatementbraces
so_19340685_block_2,before,CLASS_MEMBER,ControlStatementBraces,Code Style,3,11,12,This statement should have braces,https://docs.pmd-code.org/snapshot/pmd_rules_java_codestyle.html#controlstatementbraces
so_19340685_block_2,before,CLASS_MEMBER,ControlStatementBraces,Code Style,3,18,18,This statement should have braces,https://docs.pmd-code.org/snapshot/pmd_rules_java_codestyle.html#controlstatementbraces
so_20274776_block_2,before,CLASS_MEMBER,EmptyCatchBlock,Error Prone,3,8,8,Avoid empty catch blocks,https://docs.pmd-code.org/snapshot/pmd_rules_java_errorprone.html#emptycatchblock
so_20274776_block_2,before,CLASS_MEMBER,EmptyControlStatement,Code Style,3,9,11,Empty for statement,https://docs.pmd-code.org/snapshot/pmd_rules_java_codestyle.html#emptycontrolstatement
so_2086792_block_2,before,CLASS_MEMBER,IdenticalCatchBranches,Code Style,3,8,10,'catch' branch identical to 'ZipException' branch,https://docs.pmd-code.org/snapshot/pmd_rules_java_codestyle.html#identicalcatchbranches
so_2086792_block_2,before,CLASS_MEMBER,UnusedAssignment,Best Practices,3,14,14,The value assigned to variable 'zipfile' is never used,https://docs.pmd-code.org/snapshot/pmd_rules_java_bestpractices.html#unusedassignment
so_2086792_block_2,before,CLASS_MEMBER,EmptyCatchBlock,Error Prone,3,16,17,Avoid empty catch blocks,https://docs.pmd-code.org/snapshot/pmd_rules_java_errorprone.html#emptycatchblock
so_21178275_block_2,before,CLASS_MEMBER,AssignmentInOperand,Error Prone,3,42,42,Avoid assignment to currentByte in operand,https://docs.pmd-code.org/snapshot/pmd_rules_java_errorprone.html#assignmentinoperand
so_21178275_block_2,before,CLASS_MEMBER,AvoidCatchingGenericException,Error Prone,3,51,51,Avoid catching Exception in try-catch block,https://docs.pmd-code.org/snapshot/pmd_rules_java_errorprone.html#avoidcatchinggenericexception
so_2180534_block_2,before,CLASS_MEMBER,UnnecessarySemicolon,Code Style,3,5,5,Unnecessary semicolon,https://docs.pmd-code.org/snapshot/pmd_rules_java_codestyle.html#unnecessarysemicolon
so_2180534_block_2,before,CLASS_MEMBER,SimplifyBooleanExpressions,Design,3,14,14,Avoid unnecessary comparisons in boolean expressions,https://docs.pmd-code.org/snapshot/pmd_rules_java_design.html#simplifybooleanexpressions
so_23916259_block_2,before,CLASS_MEMBER,ControlStatementBraces,Code Style,3,12,12,This statement should have braces,https://docs.pmd-code.org/snapshot/pmd_rules_java_codestyle.html#controlstatementbraces
so_23916259_block_2,before,CLASS_MEMBER,ControlStatementBraces,Code Style,3,14,14,This statement should have braces,https://docs.pmd-code.org/snapshot/pmd_rules_java_codestyle.html#controlstatementbraces
so_27436796_block_2,before,CLASS_MEMBER,EmptyCatchBlock,Error Prone,3,17,18,Avoid empty catch blocks,https://docs.pmd-code.org/snapshot/pmd_rules_java_errorprone.html#emptycatchblock
so_27436796_block_2,before,CLASS_MEMBER,AvoidCatchingGenericException,Error Prone,3,17,17,Avoid catching Exception in try-catch block,https://docs.pmd-code.org/snapshot/pmd_rules_java_errorprone.html#avoidcatchinggenericexception
so_27436796_block_2,before,CLASS_MEMBER,AvoidCatchingGenericException,Error Prone,3,66,66,Avoid catching Exception in try-catch block,https://docs.pmd-code.org/snapshot/pmd_rules_java_errorprone.html#avoidcatchinggenericexception
so_29230939_block_4,before,CLASS_MEMBER,ControlStatementBraces,Code Style,3,19,19,This statement should have braces,https://docs.pmd-code.org/snapshot/pmd_rules_java_codestyle.html#controlstatementbraces
so_29866762_block_2,before,CLASS_MEMBER,ControlStatementBraces,Code Style,3,6,6,This statement should have braces,https://docs.pmd-code.org/snapshot/pmd_rules_java_codestyle.html#controlstatementbraces
so_29866762_block_2,before,CLASS_MEMBER,AvoidReassigningParameters,Best Practices,2,33,33,Avoid reassigning parameters such as 'lo',https://docs.pmd-code.org/snapshot/pmd_rules_java_bestpractices.html#avoidreassigningparameters
so_32855556_block_4,before,CLASS_MEMBER,EmptyCatchBlock,Error Prone,3,6,6,Avoid empty catch blocks,https://docs.pmd-code.org/snapshot/pmd_rules_java_errorprone.html#emptycatchblock
so_32855556_block_4,before,CLASS_MEMBER,EmptyCatchBlock,Error Prone,3,11,11,Avoid empty catch blocks,https://docs.pmd-code.org/snapshot/pmd_rules_java_errorprone.html#emptycatchblock
so_359634_block_2,before,CLASS_MEMBER,AvoidBranchingStatementAsLastInLoop,Error Prone,2,20,20,Avoid using a branching statement as the last in a loop.,https://docs.pmd-code.org/snapshot/pmd_rules_java_errorprone.html#avoidbranchingstatementaslastinloop
so_36950444_block_6,before,CLASS_MEMBER,AssignmentInOperand,Error Prone,3,9,9,Avoid assignment to matchIndex in operand,https://docs.pmd-code.org/snapshot/pmd_rules_java_errorprone.html#assignmentinoperand
so_36950444_block_6,before,CLASS_MEMBER,CollapsibleIfStatements,Design,3,10,14,This if statement could be combined with its parent,https://docs.pmd-code.org/snapshot/pmd_rules_java_design.html#collapsibleifstatements
so_36950444_block_6,before,CLASS_MEMBER,SystemPrintln,Best Practices,2,20,20,Usage of System.out/err,https://docs.pmd-code.org/snapshot/pmd_rules_java_bestpractices.html#systemprintln
so_36950444_block_6,before,CLASS_MEMBER,SystemPrintln,Best Practices,2,21,21,Usage of System.out/err,https://docs.pmd-code.org/snapshot/pmd_rules_java_bestpractices.html#systemprintln
so_36950444_block_6,before,CLASS_MEMBER,SystemPrintln,Best Practices,2,22,22,Usage of System.out/err,https://docs.pmd-code.org/snapshot/pmd_rules_java_bestpractices.html#systemprintln
so_36950444_block_6,before,CLASS_MEMBER,SystemPrintln,Best Practices,2,24,24,Usage of System.out/err,https://docs.pmd-code.org/snapshot/pmd_rules_java_bestpractices.html#systemprintln
so_36950444_block_6,before,CLASS_MEMBER,VariableCanBeInlined,Code Style,3,26,26,Consider simply using the value vs. storing it in local variable 'alignmentScore'.,https://docs.pmd-code.org/snapshot/pmd_rules_java_codestyle.html#variablecanbeinlined
so_36950444_block_6,before,CLASS_MEMBER,AppendCharacterWithChar,Performance,3,32,32,Avoid appending characters as strings in StringBuffer.append.,https://docs.pmd-code.org/snapshot/pmd_rules_java_performance.html#appendcharacterwithchar
so_3775893_block_6,before,CLASS_MEMBER,ControlStatementBraces,Code Style,3,20,20,This statement should have braces,https://docs.pmd-code.org/snapshot/pmd_rules_java_codestyle.html#controlstatementbraces
so_3775893_block_6,before,CLASS_MEMBER,UnnecessarySemicolon,Code Style,3,25,25,Unnecessary semicolon,https://docs.pmd-code.org/snapshot/pmd_rules_java_codestyle.html#unnecessarysemicolon
so_41251473_block_6,before,CLASS_MEMBER,ControlStatementBraces,Code Style,3,2,2,This statement should have braces,https://docs.pmd-code.org/snapshot/pmd_rules_java_codestyle.html#controlstatementbraces
so_41588054_block_2,before,CLASS_MEMBER,ControlStatementBraces,Code Style,3,59,59,This statement should have braces,https://docs.pmd-code.org/snapshot/pmd_rules_java_codestyle.html#controlstatementbraces
so_41588054_block_2,before,CLASS_MEMBER,ControlStatementBraces,Code Style,3,61,61,This statement should have braces,https://docs.pmd-code.org/snapshot/pmd_rules_java_codestyle.html#controlstatementbraces
so_453067_block_2,before,CLASS_MEMBER,AssignmentInOperand,Error Prone,3,5,5,Avoid assignment to ch in operand,https://docs.pmd-code.org/snapshot/pmd_rules_java_errorprone.html#assignmentinoperand
so_46830988_block_4,before,CLASS_MEMBER,AvoidDeeplyNestedIfStmts,Design,3,8,9,Deeply nested if..then statements are hard to read,https://docs.pmd-code.org/snapshot/pmd_rules_java_design.html#avoiddeeplynestedifstmts
so_46830988_block_4,before,CLASS_MEMBER,ControlStatementBraces,Code Style,3,9,9,This statement should have braces,https://docs.pmd-code.org/snapshot/pmd_rules_java_codestyle.html#controlstatementbraces
so_46830988_block_4,before,CLASS_MEMBER,ControlStatementBraces,Code Style,3,12,12,This statement should have braces,https://docs.pmd-code.org/snapshot/pmd_rules_java_codestyle.html#controlstatementbraces
so_47622507_block_4,before,CLASS_MEMBER,AssignmentInOperand,Error Prone,3,17,17,Avoid assignment to cp in operand,https://docs.pmd-code.org/snapshot/pmd_rules_java_errorprone.html#assignmentinoperand
so_47622507_block_4,before,CLASS_MEMBER,AvoidCatchingGenericException,Error Prone,3,25,25,Avoid catching Exception in try-catch block,https://docs.pmd-code.org/snapshot/pmd_rules_java_errorprone.html#avoidcatchinggenericexception
so_53110509_block_2,before,CLASS_MEMBER,ControlStatementBraces,Code Style,3,5,7,This statement should have braces,https://docs.pmd-code.org/snapshot/pmd_rules_java_codestyle.html#controlstatementbraces
so_53110509_block_2,before,CLASS_MEMBER,ControlStatementBraces,Code Style,3,6,7,This statement should have braces,https://docs.pmd-code.org/snapshot/pmd_rules_java_codestyle.html#controlstatementbraces
so_55728841_block_2,before,CLASS_MEMBER,SystemPrintln,Best Practices,2,31,31,Usage of System.out/err,https://docs.pmd-code.org/snapshot/pmd_rules_java_bestpractices.html#systemprintln
so_56611483_block_2,before,CLASS_MEMBER,SystemPrintln,Best Practices,2,5,5,Usage of System.out/err,https://docs.pmd-code.org/snapshot/pmd_rules_java_bestpractices.html#systemprintln
so_56611483_block_2,before,CLASS_MEMBER,SystemPrintln,Best Practices,2,10,10,Usage of System.out/err,https://docs.pmd-code.org/snapshot/pmd_rules_java_bestpractices.html#systemprintln
so_56611483_block_2,before,CLASS_MEMBER,SystemPrintln,Best Practices,2,17,17,Usage of System.out/err,https://docs.pmd-code.org/snapshot/pmd_rules_java_bestpractices.html#systemprintln
so_56611483_block_2,before,CLASS_MEMBER,SystemPrintln,Best Practices,2,28,28,Usage of System.out/err,https://docs.pmd-code.org/snapshot/pmd_rules_java_bestpractices.html#systemprintln
so_56611483_block_2,before,CLASS_MEMBER,AvoidCatchingGenericException,Error Prone,3,46,46,Avoid catching Exception in try-catch block,https://docs.pmd-code.org/snapshot/pmd_rules_java_errorprone.html#avoidcatchinggenericexception
so_56611483_block_2,before,CLASS_MEMBER,SystemPrintln,Best Practices,2,47,47,Usage of System.out/err,https://docs.pmd-code.org/snapshot/pmd_rules_java_bestpractices.html#systemprintln
so_57560955_block_2,before,CLASS_MEMBER,ControlStatementBraces,Code Style,3,5,5,This statement should have braces,https://docs.pmd-code.org/snapshot/pmd_rules_java_codestyle.html#controlstatementbraces
so_57560955_block_2,before,CLASS_MEMBER,SystemPrintln,Best Practices,2,11,11,Usage of System.out/err,https://docs.pmd-code.org/snapshot/pmd_rules_java_bestpractices.html#systemprintln
so_57713309_block_2,before,CLASS_MEMBER,AvoidReassigningParameters,Best Practices,2,4,4,Avoid reassigning parameters such as 'str',https://docs.pmd-code.org/snapshot/pmd_rules_java_bestpractices.html#avoidreassigningparameters
so_57713309_block_2,before,CLASS_MEMBER,UseStringBufferForStringAppends,Performance,3,7,7,Prefer StringBuilder (non-synchronized) or StringBuffer (synchronized) over += for concatenating strings,https://docs.pmd-code.org/snapshot/pmd_rules_java_performance.html#usestringbufferforstringappends
so_59239733_block_4,before,CLASS_MEMBER,AvoidCatchingGenericException,Error Prone,3,7,7,Avoid catching Exception in try-catch block,https://docs.pmd-code.org/snapshot/pmd_rules_java_errorprone.html#avoidcatchinggenericexception
so_59823215_block_2,before,CLASS_MEMBER,AssignmentInOperand,Error Prone,3,8,8,Avoid assignment to length in operand,https://docs.pmd-code.org/snapshot/pmd_rules_java_errorprone.html#assignmentinoperand
so_61391737_block_2,before,CLASS_MEMBER,UseStringBufferForStringAppends,Performance,3,10,10,Prefer StringBuilder (non-synchronized) or StringBuffer (synchronized) over += for concatenating strings,https://docs.pmd-code.org/snapshot/pmd_rules_java_performance.html#usestringbufferforstringappends
so_6788456_block_2,before,CLASS_MEMBER,VariableCanBeInlined,Code Style,3,5,5,Consider simply using the value vs. storing it in local variable 'encrypted'.,https://docs.pmd-code.org/snapshot/pmd_rules_java_codestyle.html#variablecanbeinlined
so_6788456_block_2,before,CLASS_MEMBER,VariableCanBeInlined,Code Style,3,13,13,Consider simply using the value vs. storing it in local variable 'decrypted'.,https://docs.pmd-code.org/snapshot/pmd_rules_java_codestyle.html#variablecanbeinlined
so_9293885_block_2,before,CLASS_MEMBER,AssignmentInOperand,Error Prone,3,7,7,Avoid assignment to len in operand,https://docs.pmd-code.org/snapshot/pmd_rules_java_errorprone.html#assignmentinoperand
so_10599247_block_2,after,CLASS_MEMBER,SystemPrintln,Best Practices,2,4,4,Usage of System.out/err,https://docs.pmd-code.org/snapshot/pmd_rules_java_bestpractices.html#systemprintln
so_10599247_block_2,after,CLASS_MEMBER,SystemPrintln,Best Practices,2,5,5,Usage of System.out/err,https://docs.pmd-code.org/snapshot/pmd_rules_java_bestpractices.html#systemprintln
so_10967469_block_2,after,CLASS_MEMBER,AvoidCatchingGenericException,Error Prone,3,7,7,Avoid catching Exception in try-catch block,https://docs.pmd-code.org/snapshot/pmd_rules_java_errorprone.html#avoidcatchinggenericexception
so_10967469_block_2,after,CLASS_MEMBER,AvoidPrintStackTrace,Best Practices,3,8,8,Avoid printStackTrace(); use a logger call instead.,https://docs.pmd-code.org/snapshot/pmd_rules_java_bestpractices.html#avoidprintstacktrace
so_16114563_block_2,after,CLASS_MEMBER,ControlStatementBraces,Code Style,3,19,19,This statement should have braces,https://docs.pmd-code.org/snapshot/pmd_rules_java_codestyle.html#controlstatementbraces
so_16114563_block_2,after,CLASS_MEMBER,ControlStatementBraces,Code Style,3,21,21,This statement should have braces,https://docs.pmd-code.org/snapshot/pmd_rules_java_codestyle.html#controlstatementbraces
so_16114563_block_2,after,CLASS_MEMBER,UnnecessarySemicolon,Code Style,3,25,25,Unnecessary semicolon,https://docs.pmd-code.org/snapshot/pmd_rules_java_codestyle.html#unnecessarysemicolon
so_16114563_block_2,after,CLASS_MEMBER,SimplifyBooleanReturns,Design,3,34,38,This if statement can be replaced by `return !{condition};`,https://docs.pmd-code.org/snapshot/pmd_rules_java_design.html#simplifybooleanreturns
so_16799135_block_10,after,CLASS_MEMBER,ControlStatementBraces,Code Style,3,3,3,This statement should have braces,https://docs.pmd-code.org/snapshot/pmd_rules_java_codestyle.html#controlstatementbraces
so_16799135_block_10,after,CLASS_MEMBER,AvoidReassigningParameters,Best Practices,2,7,7,Avoid reassigning parameters such as 'period',https://docs.pmd-code.org/snapshot/pmd_rules_java_bestpractices.html#avoidreassigningparameters
so_16799135_block_10,after,CLASS_MEMBER,ControlStatementBraces,Code Style,3,7,7,This statement should have braces,https://docs.pmd-code.org/snapshot/pmd_rules_java_codestyle.html#controlstatementbraces
so_16799135_block_10,after,CLASS_MEMBER,ControlStatementBraces,Code Style,3,10,10,This statement should have braces,https://docs.pmd-code.org/snapshot/pmd_rules_java_codestyle.html#controlstatementbraces
so_16799135_block_10,after,CLASS_MEMBER,ControlStatementBraces,Code Style,3,13,14,This statement should have braces,https://docs.pmd-code.org/snapshot/pmd_rules_java_codestyle.html#controlstatementbraces
so_16799135_block_10,after,CLASS_MEMBER,ControlStatementBraces,Code Style,3,21,21,This statement should have braces,https://docs.pmd-code.org/snapshot/pmd_rules_java_codestyle.html#controlstatementbraces
so_189739_block_2,after,CLASS_MEMBER,SystemPrintln,Best Practices,2,4,4,Usage of System.out/err,https://docs.pmd-code.org/snapshot/pmd_rules_java_bestpractices.html#systemprintln
so_19340685_block_2,after,CLASS_MEMBER,ControlStatementBraces,Code Style,3,6,7,This statement should have braces,https://docs.pmd-code.org/snapshot/pmd_rules_java_codestyle.html#controlstatementbraces
so_20274776_block_2,after,CLASS_MEMBER,EmptyCatchBlock,Error Prone,3,8,8,Avoid empty catch blocks,https://docs.pmd-code.org/snapshot/pmd_rules_java_errorprone.html#emptycatchblock
so_20274776_block_2,after,CLASS_MEMBER,EmptyControlStatement,Code Style,3,9,11,Empty for statement,https://docs.pmd-code.org/snapshot/pmd_rules_java_codestyle.html#emptycontrolstatement
so_20274776_block_2,after,CLASS_MEMBER,EmptyCatchBlock,Error Prone,3,26,26,Avoid empty catch blocks,https://docs.pmd-code.org/snapshot/pmd_rules_java_errorprone.html#emptycatchblock
so_2086792_block_2,after,CLASS_MEMBER,UnusedAssignment,Best Practices,3,12,12,The value assigned to variable 'zipfile' is never used,https://docs.pmd-code.org/snapshot/pmd_rules_java_bestpractices.html#unusedassignment
so_2086792_block_2,after,CLASS_MEMBER,EmptyCatchBlock,Error Prone,3,14,15,Avoid empty catch blocks,https://docs.pmd-code.org/snapshot/pmd_rules_java_errorprone.html#emptycatchblock
so_21178275_block_2,after,CLASS_MEMBER,AssignmentInOperand,Error Prone,3,42,42,Avoid assignment to currentByte in operand,https://docs.pmd-code.org/snapshot/pmd_rules_java_errorprone.html#assignmentinoperand
so_21178275_block_2,after,CLASS_MEMBER,AvoidCatchingGenericException,Error Prone,3,51,51,Avoid catching Exception in try-catch block,https://docs.pmd-code.org/snapshot/pmd_rules_java_errorprone.html#avoidcatchinggenericexception
so_23916259_block_2,after,CLASS_MEMBER,ControlStatementBraces,Code Style,3,12,12,This statement should have braces,https://docs.pmd-code.org/snapshot/pmd_rules_java_codestyle.html#controlstatementbraces
so_23916259_block_2,after,CLASS_MEMBER,ControlStatementBraces,Code Style,3,14,14,This statement should have braces,https://docs.pmd-code.org/snapshot/pmd_rules_java_codestyle.html#controlstatementbraces
so_27436796_block_2,after,CLASS_MEMBER,EmptyCatchBlock,Error Prone,3,16,17,Avoid empty catch blocks,https://docs.pmd-code.org/snapshot/pmd_rules_java_errorprone.html#emptycatchblock
so_27436796_block_2,after,CLASS_MEMBER,AvoidCatchingGenericException,Error Prone,3,16,16,Avoid catching Exception in try-catch block,https://docs.pmd-code.org/snapshot/pmd_rules_java_errorprone.html#avoidcatchinggenericexception
so_27436796_block_2,after,CLASS_MEMBER,AvoidCatchingGenericException,Error Prone,3,65,65,Avoid catching Exception in try-catch block,https://docs.pmd-code.org/snapshot/pmd_rules_java_errorprone.html#avoidcatchinggenericexception
so_29230939_block_4,after,CLASS_MEMBER,ControlStatementBraces,Code Style,3,19,19,This statement should have braces,https://docs.pmd-code.org/snapshot/pmd_rules_java_codestyle.html#controlstatementbraces
so_29866762_block_2,after,CLASS_MEMBER,ControlStatementBraces,Code Style,3,6,6,This statement should have braces,https://docs.pmd-code.org/snapshot/pmd_rules_java_codestyle.html#controlstatementbraces
so_29866762_block_2,after,CLASS_MEMBER,AvoidReassigningParameters,Best Practices,2,33,33,Avoid reassigning parameters such as 'lo',https://docs.pmd-code.org/snapshot/pmd_rules_java_bestpractices.html#avoidreassigningparameters
so_32855556_block_4,after,CLASS_MEMBER,EmptyCatchBlock,Error Prone,3,5,6,Avoid empty catch blocks,https://docs.pmd-code.org/snapshot/pmd_rules_java_errorprone.html#emptycatchblock
so_32855556_block_4,after,CLASS_MEMBER,AvoidCatchingGenericException,Error Prone,3,5,5,Avoid catching Exception in try-catch block,https://docs.pmd-code.org/snapshot/pmd_rules_java_errorprone.html#avoidcatchinggenericexception
so_359634_block_2,after,CLASS_MEMBER,CognitiveComplexity,Design,3,1,1,"The method 'isDouble(String)' has a cognitive complexity of 17, current threshold is 15",https://docs.pmd-code.org/snapshot/pmd_rules_java_design.html#cognitivecomplexity
so_359634_block_2,after,CLASS_MEMBER,CyclomaticComplexity,Design,3,1,1,The method 'isDouble(String)' has a cyclomatic complexity of 15.,https://docs.pmd-code.org/snapshot/pmd_rules_java_design.html#cyclomaticcomplexity
so_359634_block_2,after,CLASS_MEMBER,UnusedAssignment,Best Practices,3,24,24,The value assigned to variable 'justSeenExp' is never used (overwritten on line 29),https://docs.pmd-code.org/snapshot/pmd_rules_java_bestpractices.html#unusedassignment
so_359634_block_2,after,CLASS_MEMBER,AvoidBranchingStatementAsLastInLoop,Error Prone,2,31,31,Avoid using a branching statement as the last in a loop.,https://docs.pmd-code.org/snapshot/pmd_rules_java_errorprone.html#avoidbranchingstatementaslastinloop
so_36950444_block_6,after,CLASS_MEMBER,CognitiveComplexity,Design,3,1,1,"The method 'allignment(String, String)' has a cognitive complexity of 15, current threshold is 15",https://docs.pmd-code.org/snapshot/pmd_rules_java_design.html#cognitivecomplexity
so_36950444_block_6,after,CLASS_MEMBER,AssignmentInOperand,Error Prone,3,8,8,Avoid assignment to matchIndex in operand,https://docs.pmd-code.org/snapshot/pmd_rules_java_errorprone.html#assignmentinoperand
so_36950444_block_6,after,CLASS_MEMBER,CollapsibleIfStatements,Design,3,9,14,This if statement could be combined with its parent,https://docs.pmd-code.org/snapshot/pmd_rules_java_design.html#collapsibleifstatements
so_36950444_block_6,after,CLASS_MEMBER,SystemPrintln,Best Practices,2,23,23,Usage of System.out/err,https://docs.pmd-code.org/snapshot/pmd_rules_java_bestpractices.html#systemprintln
so_36950444_block_6,after,CLASS_MEMBER,SystemPrintln,Best Practices,2,24,24,Usage of System.out/err,https://docs.pmd-code.org/snapshot/pmd_rules_java_bestpractices.html#systemprintln
so_36950444_block_6,after,CLASS_MEMBER,SystemPrintln,Best Practices,2,25,25,Usage of System.out/err,https://docs.pmd-code.org/snapshot/pmd_rules_java_bestpractices.html#systemprintln
so_36950444_block_6,after,CLASS_MEMBER,SystemPrintln,Best Practices,2,27,27,Usage of System.out/err,https://docs.pmd-code.org/snapshot/pmd_rules_java_bestpractices.html#systemprintln
so_36950444_block_6,after,CLASS_MEMBER,VariableCanBeInlined,Code Style,3,29,29,Consider simply using the value vs. storing it in local variable 'alignmentScore'.,https://docs.pmd-code.org/snapshot/pmd_rules_java_codestyle.html#variablecanbeinlined
so_36950444_block_6,after,CLASS_MEMBER,AppendCharacterWithChar,Performance,3,35,35,Avoid appending characters as strings in StringBuffer.append.,https://docs.pmd-code.org/snapshot/pmd_rules_java_performance.html#appendcharacterwithchar
so_3775893_block_6,after,CLASS_MEMBER,ControlStatementBraces,Code Style,3,20,20,This statement should have braces,https://docs.pmd-code.org/snapshot/pmd_rules_java_codestyle.html#controlstatementbraces
so_3775893_block_6,after,CLASS_MEMBER,UnnecessarySemicolon,Code Style,3,25,25,Unnecessary semicolon,https://docs.pmd-code.org/snapshot/pmd_rules_java_codestyle.html#unnecessarysemicolon
so_40056844_block_2,after,CLASS_MEMBER,CompareObjectsWithEquals,Error Prone,3,2,2,Use equals() to compare object references.,https://docs.pmd-code.org/snapshot/pmd_rules_java_errorprone.html#compareobjectswithequals
so_41251473_block_6,after,CLASS_MEMBER,ControlStatementBraces,Code Style,3,2,2,This statement should have braces,https://docs.pmd-code.org/snapshot/pmd_rules_java_codestyle.html#controlstatementbraces
so_41588054_block_2,after,CLASS_MEMBER,UnusedLocalVariable,Best Practices,3,20,20,Avoid unused local variables such as 'item'.,https://docs.pmd-code.org/snapshot/pmd_rules_java_bestpractices.html#unusedlocalvariable
so_41588054_block_2,after,CLASS_MEMBER,ControlStatementBraces,Code Style,3,60,60,This statement should have braces,https://docs.pmd-code.org/snapshot/pmd_rules_java_codestyle.html#controlstatementbraces
so_41588054_block_2,after,CLASS_MEMBER,ControlStatementBraces,Code Style,3,62,62,This statement should have braces,https://docs.pmd-code.org/snapshot/pmd_rules_java_codestyle.html#controlstatementbraces
so_453067_block_2,after,CLASS_MEMBER,UnusedAssignment,Best Practices,3,6,6,The initializer for variable 'readChars' is never used (overwritten on line 9),https://docs.pmd-code.org/snapshot/pmd_rules_java_bestpractices.html#unusedassignment
so_453067_block_2,after,CLASS_MEMBER,AssignmentInOperand,Error Prone,3,8,8,Avoid assignment to readChars in operand,https://docs.pmd-code.org/snapshot/pmd_rules_java_errorprone.html#assignmentinoperand
so_46830988_block_4,after,CLASS_MEMBER,ControlStatementBraces,Code Style,3,3,5,This statement should have braces,https://docs.pmd-code.org/snapshot/pmd_rules_java_codestyle.html#controlstatementbraces
so_46830988_block_4,after,CLASS_MEMBER,ControlStatementBraces,Code Style,3,5,5,This statement should have braces,https://docs.pmd-code.org/snapshot/pmd_rules_java_codestyle.html#controlstatementbraces
so_47622507_block_4,after,CLASS_MEMBER,AssignmentInOperand,Error Prone,3,27,27,Avoid assignment to cp in operand,https://docs.pmd-code.org/snapshot/pmd_rules_java_errorprone.html#assignmentinoperand
so_47622507_block_4,after,CLASS_MEMBER,EmptyCatchBlock,Error Prone,3,33,35,Avoid empty catch blocks,https://docs.pmd-code.org/snapshot/pmd_rules_java_errorprone.html#emptycatchblock
so_47622507_block_4,after,CLASS_MEMBER,AvoidCatchingGenericException,Error Prone,3,33,33,Avoid catching Exception in try-catch block,https://docs.pmd-code.org/snapshot/pmd_rules_java_errorprone.html#avoidcatchinggenericexception
so_53110509_block_2,after,CLASS_MEMBER,ControlStatementBraces,Code Style,3,5,7,This statement should have braces,https://docs.pmd-code.org/snapshot/pmd_rules_java_codestyle.html#controlstatementbraces
so_53110509_block_2,after,CLASS_MEMBER,ControlStatementBraces,Code Style,3,6,7,This statement should have braces,https://docs.pmd-code.org/snapshot/pmd_rules_java_codestyle.html#controlstatementbraces
so_55728841_block_2,after,CLASS_MEMBER,SystemPrintln,Best Practices,2,4,4,Usage of System.out/err,https://docs.pmd-code.org/snapshot/pmd_rules_java_bestpractices.html#systemprintln
so_55728841_block_2,after,CLASS_MEMBER,ExceptionAsFlowControl,Design,3,5,5,Exception thrown at line 6 is caught in this block.,https://docs.pmd-code.org/snapshot/pmd_rules_java_design.html#exceptionasflowcontrol
so_55728841_block_2,after,CLASS_MEMBER,AvoidCatchingGenericException,Error Prone,3,5,5,Avoid catching Exception in try-catch block,https://docs.pmd-code.org/snapshot/pmd_rules_java_errorprone.html#avoidcatchinggenericexception
so_55728841_block_2,after,CLASS_MEMBER,AvoidPrintStackTrace,Best Practices,3,5,5,Avoid printStackTrace(); use a logger call instead.,https://docs.pmd-code.org/snapshot/pmd_rules_java_bestpractices.html#avoidprintstacktrace
so_56611483_block_2,after,CLASS_MEMBER,SystemPrintln,Best Practices,2,4,4,Usage of System.out/err,https://docs.pmd-code.org/snapshot/pmd_rules_java_bestpractices.html#systemprintln
so_56611483_block_2,after,CLASS_MEMBER,SystemPrintln,Best Practices,2,6,6,Usage of System.out/err,https://docs.pmd-code.org/snapshot/pmd_rules_java_bestpractices.html#systemprintln
so_56611483_block_2,after,CLASS_MEMBER,SystemPrintln,Best Practices,2,11,11,Usage of System.out/err,https://docs.pmd-code.org/snapshot/pmd_rules_java_bestpractices.html#systemprintln
so_56611483_block_2,after,CLASS_MEMBER,SystemPrintln,Best Practices,2,14,14,Usage of System.out/err,https://docs.pmd-code.org/snapshot/pmd_rules_java_bestpractices.html#systemprintln
so_56611483_block_2,after,CLASS_MEMBER,SimplifyBooleanReturns,Design,3,20,22,This if statement can be replaced by `return {condition};`,https://docs.pmd-code.org/snapshot/pmd_rules_java_design.html#simplifybooleanreturns
so_56611483_block_2,after,CLASS_MEMBER,SystemPrintln,Best Practices,2,29,29,Usage of System.out/err,https://docs.pmd-code.org/snapshot/pmd_rules_java_bestpractices.html#systemprintln
so_56611483_block_2,after,CLASS_MEMBER,SystemPrintln,Best Practices,2,42,42,Usage of System.out/err,https://docs.pmd-code.org/snapshot/pmd_rules_java_bestpractices.html#systemprintln
so_56611483_block_2,after,CLASS_MEMBER,SystemPrintln,Best Practices,2,49,49,Usage of System.out/err,https://docs.pmd-code.org/snapshot/pmd_rules_java_bestpractices.html#systemprintln
so_56611483_block_2,after,CLASS_MEMBER,SystemPrintln,Best Practices,2,60,60,Usage of System.out/err,https://docs.pmd-code.org/snapshot/pmd_rules_java_bestpractices.html#systemprintln
so_56611483_block_2,after,CLASS_MEMBER,AvoidCatchingGenericException,Error Prone,3,63,63,Avoid catching Exception in try-catch block,https://docs.pmd-code.org/snapshot/pmd_rules_java_errorprone.html#avoidcatchinggenericexception
so_56611483_block_2,after,CLASS_MEMBER,SystemPrintln,Best Practices,2,64,64,Usage of System.out/err,https://docs.pmd-code.org/snapshot/pmd_rules_java_bestpractices.html#systemprintln
so_57560955_block_2,after,CLASS_MEMBER,ControlStatementBraces,Code Style,3,5,5,This statement should have braces,https://docs.pmd-code.org/snapshot/pmd_rules_java_codestyle.html#controlstatementbraces
so_57560955_block_2,after,CLASS_MEMBER,SystemPrintln,Best Practices,2,12,12,Usage of System.out/err,https://docs.pmd-code.org/snapshot/pmd_rules_java_bestpractices.html#systemprintln
so_57713309_block_2,after,CLASS_MEMBER,AvoidReassigningParameters,Best Practices,2,4,4,Avoid reassigning parameters such as 'str',https://docs.pmd-code.org/snapshot/pmd_rules_java_bestpractices.html#avoidreassigningparameters
so_57713309_block_2,after,CLASS_MEMBER,UseStringBufferForStringAppends,Performance,3,8,8,Prefer StringBuilder (non-synchronized) or StringBuffer (synchronized) over += for concatenating strings,https://docs.pmd-code.org/snapshot/pmd_rules_java_performance.html#usestringbufferforstringappends
so_59239733_block_4,after,CLASS_MEMBER,AvoidCatchingGenericException,Error Prone,3,7,7,Avoid catching RuntimeException in try-catch block,https://docs.pmd-code.org/snapshot/pmd_rules_java_errorprone.html#avoidcatchinggenericexception
so_59823215_block_2,after,CLASS_MEMBER,AssignmentInOperand,Error Prone,3,9,9,Avoid assignment to length in operand,https://docs.pmd-code.org/snapshot/pmd_rules_java_errorprone.html#assignmentinoperand
so_59823215_block_2,after,CLASS_MEMBER,AvoidRethrowingException,Design,3,13,15,A catch statement that catches an exception only to rethrow it should be avoided.,https://docs.pmd-code.org/snapshot/pmd_rules_java_design.html#avoidrethrowingexception
so_61391737_block_2,after,CLASS_MEMBER,SystemPrintln,Best Practices,2,8,8,Usage of System.out/err,https://docs.pmd-code.org/snapshot/pmd_rules_java_bestpractices.html#systemprintln
so_61391737_block_2,after,CLASS_MEMBER,AppendCharacterWithChar,Performance,3,13,13,Avoid appending characters as strings in StringBuffer.append.,https://docs.pmd-code.org/snapshot/pmd_rules_java_performance.html#appendcharacterwithchar
so_61391737_block_2,after,CLASS_MEMBER,SystemPrintln,Best Practices,2,15,15,Usage of System.out/err,https://docs.pmd-code.org/snapshot/pmd_rules_java_bestpractices.html#systemprintln
so_6788456_block_2,after,CLASS_MEMBER,VariableCanBeInlined,Code Style,3,5,5,Consider simply using the value vs. storing it in local variable 'decrypted'.,https://docs.pmd-code.org/snapshot/pmd_rules_java_codestyle.html#variablecanbeinlined
so_9293885_block_2,after,CLASS_MEMBER,AssignmentInOperand,Error Prone,3,9,9,Avoid assignment to len in operand,https://docs.pmd-code.org/snapshot/pmd_rules_java_errorprone.html#assignmentinoperand
so_22968559_block_2,before,METHOD_BODY,UnusedLocalVariable,Best Practices,3,1,1,Avoid unused local variables such as 'timer'.,https://docs.pmd-code.org/snapshot/pmd_rules_java_bestpractices.html#unusedlocalvariable
so_27469652_block_4,before,METHOD_BODY,UnusedLocalVariable,Best Practices,3,3,3,Avoid unused local variables such as 'stopping'.,https://docs.pmd-code.org/snapshot/pmd_rules_java_bestpractices.html#unusedlocalvariable
so_27469652_block_4,before,METHOD_BODY,AvoidPrintStackTrace,Best Practices,3,10,10,Avoid printStackTrace(); use a logger call instead.,https://docs.pmd-code.org/snapshot/pmd_rules_java_bestpractices.html#avoidprintstacktrace
so_34717151_block_6,before,METHOD_BODY,UnusedLocalVariable,Best Practices,3,22,22,Avoid unused local variables such as 'ch'.,https://docs.pmd-code.org/snapshot/pmd_rules_java_bestpractices.html#unusedlocalvariable
so_34717151_block_6,before,METHOD_BODY,SystemPrintln,Best Practices,2,23,23,Usage of System.out/err,https://docs.pmd-code.org/snapshot/pmd_rules_java_bestpractices.html#systemprintln
so_34717151_block_6,before,METHOD_BODY,ControlStatementBraces,Code Style,3,30,30,This statement should have braces,https://docs.pmd-code.org/snapshot/pmd_rules_java_codestyle.html#controlstatementbraces
so_34717151_block_6,before,METHOD_BODY,SystemPrintln,Best Practices,2,39,39,Usage of System.out/err,https://docs.pmd-code.org/snapshot/pmd_rules_java_bestpractices.html#systemprintln
so_34717151_block_6,before,METHOD_BODY,SystemPrintln,Best Practices,2,41,41,Usage of System.out/err,https://docs.pmd-code.org/snapshot/pmd_rules_java_bestpractices.html#systemprintln
so_34717151_block_6,before,METHOD_BODY,SystemPrintln,Best Practices,2,42,42,Usage of System.out/err,https://docs.pmd-code.org/snapshot/pmd_rules_java_bestpractices.html#systemprintln
so_34717151_block_6,before,METHOD_BODY,AvoidPrintStackTrace,Best Practices,3,56,56,Avoid printStackTrace(); use a logger call instead.,https://docs.pmd-code.org/snapshot/pmd_rules_java_bestpractices.html#avoidprintstacktrace
so_41225553_block_2,before,METHOD_BODY,ConsecutiveAppendsShouldReuse,Performance,3,2,2,StringBuffer (or StringBuilder).append is called consecutively without reusing the target variable.,https://docs.pmd-code.org/snapshot/pmd_rules_java_performance.html#consecutiveappendsshouldreuse
so_41225553_block_2,before,METHOD_BODY,UnusedAssignment,Best Practices,3,7,7,The initializer for variable 'finalDocument' is never used (overwritten on line 13),https://docs.pmd-code.org/snapshot/pmd_rules_java_bestpractices.html#unusedassignment
so_41225553_block_2,before,METHOD_BODY,UnusedAssignment,Best Practices,3,28,28,The value assigned to variable 'finalDocument' is never used,https://docs.pmd-code.org/snapshot/pmd_rules_java_bestpractices.html#unusedassignment
so_41225553_block_2,before,METHOD_BODY,SystemPrintln,Best Practices,2,29,29,Usage of System.out/err,https://docs.pmd-code.org/snapshot/pmd_rules_java_bestpractices.html#systemprintln
so_41225553_block_2,before,METHOD_BODY,AvoidCatchingGenericException,Error Prone,3,30,30,Avoid catching Exception in try-catch block,https://docs.pmd-code.org/snapshot/pmd_rules_java_errorprone.html#avoidcatchinggenericexception
so_41225553_block_2,before,METHOD_BODY,AvoidPrintStackTrace,Best Practices,3,31,31,Avoid printStackTrace(); use a logger call instead.,https://docs.pmd-code.org/snapshot/pmd_rules_java_bestpractices.html#avoidprintstacktrace
so_46887834_block_2,before,METHOD_BODY,EmptyCatchBlock,Error Prone,3,8,9,Avoid empty catch blocks,https://docs.pmd-code.org/snapshot/pmd_rules_java_errorprone.html#emptycatchblock
so_46887834_block_2,before,METHOD_BODY,UnusedLocalVariable,Best Practices,3,13,13,Avoid unused local variables such as 's'.,https://docs.pmd-code.org/snapshot/pmd_rules_java_bestpractices.html#unusedlocalvariable
so_64804977_block_4,before,METHOD_BODY,AvoidPrintStackTrace,Best Practices,3,9,9,Avoid printStackTrace(); use a logger call instead.,https://docs.pmd-code.org/snapshot/pmd_rules_java_bestpractices.html#avoidprintstacktrace
so_18454342_block_2,after,METHOD_BODY,ControlStatementBraces,Code Style,3,15,15,This statement should have braces,https://docs.pmd-code.org/snapshot/pmd_rules_java_codestyle.html#controlstatementbraces
so_27469652_block_4,after,METHOD_BODY,AvoidPrintStackTrace,Best Practices,3,10,10,Avoid printStackTrace(); use a logger call instead.,https://docs.pmd-code.org/snapshot/pmd_rules_java_bestpractices.html#avoidprintstacktrace
so_34717151_block_6,after,METHOD_BODY,UnusedLocalVariable,Best Practices,3,22,22,Avoid unused local variables such as 'ch'.,https://docs.pmd-code.org/snapshot/pmd_rules_java_bestpractices.html#unusedlocalvariable
so_34717151_block_6,after,METHOD_BODY,SystemPrintln,Best Practices,2,23,23,Usage of System.out/err,https://docs.pmd-code.org/snapshot/pmd_rules_java_bestpractices.html#systemprintln
so_34717151_block_6,after,METHOD_BODY,ControlStatementBraces,Code Style,3,30,30,This statement should have braces,https://docs.pmd-code.org/snapshot/pmd_rules_java_codestyle.html#controlstatementbraces
so_34717151_block_6,after,METHOD_BODY,SystemPrintln,Best Practices,2,39,39,Usage of System.out/err,https://docs.pmd-code.org/snapshot/pmd_rules_java_bestpractices.html#systemprintln
so_34717151_block_6,after,METHOD_BODY,SystemPrintln,Best Practices,2,41,41,Usage of System.out/err,https://docs.pmd-code.org/snapshot/pmd_rules_java_bestpractices.html#systemprintln
so_34717151_block_6,after,METHOD_BODY,SystemPrintln,Best Practices,2,42,42,Usage of System.out/err,https://docs.pmd-code.org/snapshot/pmd_rules_java_bestpractices.html#systemprintln
so_34717151_block_6,after,METHOD_BODY,AvoidPrintStackTrace,Best Practices,3,56,56,Avoid printStackTrace(); use a logger call instead.,https://docs.pmd-code.org/snapshot/pmd_rules_java_bestpractices.html#avoidprintstacktrace
so_41225553_block_2,after,METHOD_BODY,ConsecutiveAppendsShouldReuse,Performance,3,2,2,StringBuffer (or StringBuilder).append is called consecutively without reusing the target variable.,https://docs.pmd-code.org/snapshot/pmd_rules_java_performance.html#consecutiveappendsshouldreuse
so_41225553_block_2,after,METHOD_BODY,UnusedAssignment,Best Practices,3,7,7,The initializer for variable 'finalDocument' is never used (overwritten on line 13),https://docs.pmd-code.org/snapshot/pmd_rules_java_bestpractices.html#unusedassignment
so_41225553_block_2,after,METHOD_BODY,SystemPrintln,Best Practices,2,29,29,Usage of System.out/err,https://docs.pmd-code.org/snapshot/pmd_rules_java_bestpractices.html#systemprintln
so_41225553_block_2,after,METHOD_BODY,SystemPrintln,Best Practices,2,30,30,Usage of System.out/err,https://docs.pmd-code.org/snapshot/pmd_rules_java_bestpractices.html#systemprintln
so_41225553_block_2,after,METHOD_BODY,SystemPrintln,Best Practices,2,31,31,Usage of System.out/err,https://docs.pmd-code.org/snapshot/pmd_rules_java_bestpractices.html#systemprintln
so_41225553_block_2,after,METHOD_BODY,AvoidCatchingGenericException,Error Prone,3,32,32,Avoid catching Exception in try-catch block,https://docs.pmd-code.org/snapshot/pmd_rules_java_errorprone.html#avoidcatchinggenericexception
so_41225553_block_2,after,METHOD_BODY,AvoidPrintStackTrace,Best Practices,3,33,33,Avoid printStackTrace(); use a logger call instead.,https://docs.pmd-code.org/snapshot/pmd_rules_java_bestpractices.html#avoidprintstacktrace
so_46887834_block_2,after,METHOD_BODY,EmptyCatchBlock,Error Prone,3,9,10,Avoid empty catch blocks,https://docs.pmd-code.org/snapshot/pmd_rules_java_errorprone.html#emptycatchblock
so_46887834_block_2,after,METHOD_BODY,IdenticalCatchBranches,Code Style,3,10,11,'catch' branch identical to 'InterruptedException' branch,https://docs.pmd-code.org/snapshot/pmd_rules_java_codestyle.html#identicalcatchbranches
so_46887834_block_2,after,METHOD_BODY,EmptyCatchBlock,Error Prone,3,10,11,Avoid empty catch blocks,https://docs.pmd-code.org/snapshot/pmd_rules_java_errorprone.html#emptycatchblock
so_46887834_block_2,after,METHOD_BODY,UnusedLocalVariable,Best Practices,3,14,14,Avoid unused local variables such as 's'.,https://docs.pmd-code.org/snapshot/pmd_rules_java_bestpractices.html#unusedlocalvariable
so_64804977_block_4,after,METHOD_BODY,AvoidPrintStackTrace,Best Practices,3,14,14,Avoid printStackTrace(); use a logger call instead.,https://docs.pmd-code.org/snapshot/pmd_rules_java_bestpractices.html#avoidprintstacktrace
