snippet_id,version,mode,return_code,parse_ok,error
so_10195366_block_2,before,RAW,0,True,
so_10599247_block_2,before,RAW,0,True,
so_10967469_block_2,before,RAW,0,True,
so_11838438_block_2,before,RAW,0,True,
so_12738229_block_2,before,RAW,0,True,
so_13462440_block_6,before,RAW,0,True,
so_13558161_block_6,before,RAW,0,True,
so_13956092_block_2,before,RAW,0,True,
so_14676464_block_2,before,RAW,0,True,
so_15160629_block_2,before,RAW,254,False,"no element found: line 1, column 0"
so_16114563_block_2,before,RAW,0,True,
so_16799135_block_10,before,RAW,0,True,
so_18454342_block_2,before,RAW,254,False,"no element found: line 1, column 0"
so_189739_block_2,before,RAW,0,True,
so_19340685_block_2,before,RAW,0,True,
so_2001205_block_2,before,RAW,0,True,
so_20274776_block_2,before,RAW,0,True,
so_20276324_block_2,before,RAW,0,True,
so_20680556_block_2,before,RAW,0,True,
so_20765715_block_2,before,RAW,0,True,
so_2086792_block_2,before,RAW,0,True,
so_21178275_block_2,before,RAW,0,True,
so_2180534_block_2,before,RAW,0,True,
so_2275596_block_2,before,RAW,0,True,
so_22968559_block_2,before,RAW,0,True,
so_2325407_block_2,before,RAW,0,True,
so_23839705_block_2,before,RAW,254,False,"no element found: line 1, column 0"
so_23916259_block_2,before,RAW,254,False,"no element found: line 1, column 0"
so_24127188_block_2,before,RAW,0,True,
so_25985720_block_14,before,RAW,254,False,"no element found: line 1, column 0"
so_26046107_block_2,before,RAW,254,False,"no element found: line 1, column 0"
so_27436796_block_2,before,RAW,0,True,
so_27437289_block_16,before,RAW,0,True,
so_27469652_block_4,before,RAW,254,False,"no element found: line 1, column 0"
so_28329032_block_6,before,RAW,254,False,"no element found: line 1, column 0"
so_28458368_block_4,before,RAW,0,True,
so_28901180_block_2,before,RAW,0,True,
so_29226591_block_2,before,RAW,0,True,
so_29230939_block_4,before,RAW,0,True,
so_29330741_block_6,before,RAW,0,True,
so_29548090_block_4,before,RAW,0,True,
so_29575747_block_2,before,RAW,0,True,
so_29866762_block_2,before,RAW,0,True,
so_30952083_block_2,before,RAW,0,True,
so_31868761_block_4,before,RAW,0,True,
so_32164598_block_8,before,RAW,0,True,
so_32855556_block_4,before,RAW,0,True,
so_33085670_block_2,before,RAW,0,True,
so_33270545_block_2,before,RAW,0,True,
so_33561612_block_2,before,RAW,0,True,
so_33943576_block_2,before,RAW,0,True,
so_34174309_block_2,before,RAW,0,True,
so_34590765_block_2,before,RAW,0,True,
so_34717151_block_6,before,RAW,254,False,"no element found: line 1, column 0"
so_35094888_block_2,before,RAW,254,False,"no element found: line 1, column 0"
so_3519182_block_2,before,RAW,0,True,
so_359634_block_2,before,RAW,0,True,
so_36789749_block_6,before,RAW,0,True,
so_36805363_block_2,before,RAW,0,True,
so_36950444_block_6,before,RAW,0,True,
so_3775893_block_6,before,RAW,0,True,
so_37957745_block_2,before,RAW,0,True,
so_38367701_block_2,before,RAW,254,False,"no element found: line 1, column 0"
so_3870210_block_4,before,RAW,0,True,
so_40056844_block_2,before,RAW,0,True,
so_40317313_block_6,before,RAW,0,True,
so_41225553_block_2,before,RAW,254,False,"no element found: line 1, column 0"
so_41251473_block_6,before,RAW,0,True,
so_41471859_block_4,before,RAW,0,True,
so_41588054_block_2,before,RAW,0,True,
so_41751396_block_8,before,RAW,254,False,"no element found: line 1, column 0"
so_41800354_block_2,before,RAW,0,True,
so_42681543_block_4,before,RAW,254,False,"no element found: line 1, column 0"
so_4429257_block_2,before,RAW,0,True,
so_453067_block_2,before,RAW,0,True,
so_45774144_block_4,before,RAW,254,False,"no element found: line 1, column 0"
so_46830988_block_4,before,RAW,0,True,
so_46887834_block_2,before,RAW,254,False,"no element found: line 1, column 0"
so_47622507_block_4,before,RAW,0,True,
so_50578162_block_2,before,RAW,254,False,"no element found: line 1, column 0"
so_50738131_block_2,before,RAW,0,True,
so_51608517_block_2,before,RAW,0,True,
so_52144662_block_2,before,RAW,254,False,"no element found: line 1, column 0"
so_52148106_block_4,before,RAW,0,True,
so_53110509_block_2,before,RAW,0,True,
so_53360610_block_4,before,RAW,254,False,"no element found: line 1, column 0"
so_54119640_block_4,before,RAW,0,True,
so_54298032_block_2,before,RAW,0,True,
so_54349072_block_2,before,RAW,0,True,
so_55003173_block_2,before,RAW,254,False,"no element found: line 1, column 0"
so_55728841_block_2,before,RAW,0,True,
so_55986044_block_2,before,RAW,0,True,
so_56259221_block_5,before,RAW,0,True,
so_56611483_block_2,before,RAW,0,True,
so_56815_block_2,before,RAW,0,True,
so_57398454_block_2,before,RAW,0,True,
so_57560955_block_2,before,RAW,0,True,
so_57713309_block_2,before,RAW,0,True,
so_57997601_block_2,before,RAW,254,False,"no element found: line 1, column 0"
so_58346204_block_2,before,RAW,254,False,"no element found: line 1, column 0"
so_58370217_block_2,before,RAW,0,True,
so_58617321_block_2,before,RAW,254,False,"no element found: line 1, column 0"
so_58993471_block_2,before,RAW,254,False,"no element found: line 1, column 0"
so_59239733_block_4,before,RAW,0,True,
so_59394165_block_2,before,RAW,0,True,
so_59664498_block_2,before,RAW,254,False,"no element found: line 1, column 0"
so_59823215_block_2,before,RAW,0,True,
so_60123437_block_2,before,RAW,254,False,"no element found: line 1, column 0"
so_60266789_block_2,before,RAW,0,True,
so_60565131_block_4,before,RAW,0,True,
so_60816572_block_6,before,RAW,254,False,"no element found: line 1, column 0"
so_61006461_block_2,before,RAW,254,False,"no element found: line 1, column 0"
so_61391737_block_2,before,RAW,0,True,
so_61780137_block_2,before,RAW,254,False,"no element found: line 1, column 0"
so_6236324_block_2,before,RAW,0,True,
so_62722315_block_2,before,RAW,254,False,"no element found: line 1, column 0"
so_64804977_block_4,before,RAW,254,False,"no element found: line 1, column 0"
so_64938483_block_2,before,RAW,0,True,
so_65112087_block_2,before,RAW,254,False,"no element found: line 1, column 0"
so_6788456_block_2,before,RAW,0,True,
so_7649183_block_2,before,RAW,254,False,"no element found: line 1, column 0"
so_7901334_block_2,before,RAW,254,False,"no element found: line 1, column 0"
so_9109728_block_6,before,RAW,254,False,"no element found: line 1, column 0"
so_9293885_block_2,before,RAW,0,True,
so_9709606_block_2,before,RAW,254,False,"no element found: line 1, column 0"
so_10195366_block_2,after,RAW,0,True,
so_10599247_block_2,after,RAW,0,True,
so_10967469_block_2,after,RAW,0,True,
so_11838438_block_2,after,RAW,0,True,
so_12738229_block_2,after,RAW,0,True,
so_13462440_block_6,after,RAW,0,True,
so_13558161_block_6,after,RAW,0,True,
so_13956092_block_2,after,RAW,0,True,
so_14676464_block_2,after,RAW,254,False,"no element found: line 1, column 0"
so_15160629_block_2,after,RAW,254,False,"no element found: line 1, column 0"
so_16114563_block_2,after,RAW,0,True,
so_16799135_block_10,after,RAW,0,True,
so_18454342_block_2,after,RAW,254,False,"no element found: line 1, column 0"
so_189739_block_2,after,RAW,0,True,
so_19340685_block_2,after,RAW,0,True,
so_2001205_block_2,after,RAW,0,True,
so_20274776_block_2,after,RAW,0,True,
so_20276324_block_2,after,RAW,254,False,"no element found: line 1, column 0"
so_20680556_block_2,after,RAW,0,True,
so_20765715_block_2,after,RAW,0,True,
so_2086792_block_2,after,RAW,0,True,
so_21178275_block_2,after,RAW,0,True,
so_2180534_block_2,after,RAW,0,True,
so_2275596_block_2,after,RAW,0,True,
so_22968559_block_2,after,RAW,254,False,"no element found: line 1, column 0"
so_2325407_block_2,after,RAW,0,True,
so_23839705_block_2,after,RAW,0,True,
so_23916259_block_2,after,RAW,254,False,"no element found: line 1, column 0"
so_24127188_block_2,after,RAW,0,True,
so_25985720_block_14,after,RAW,0,True,
so_26046107_block_2,after,RAW,0,True,
so_27436796_block_2,after,RAW,0,True,
so_27437289_block_16,after,RAW,0,True,
so_27469652_block_4,after,RAW,254,False,"no element found: line 1, column 0"
so_28329032_block_6,after,RAW,254,False,"no element found: line 1, column 0"
so_28458368_block_4,after,RAW,254,False,"no element found: line 1, column 0"
so_28901180_block_2,after,RAW,0,True,
so_29226591_block_2,after,RAW,254,False,"no element found: line 1, column 0"
so_29230939_block_4,after,RAW,0,True,
so_29330741_block_6,after,RAW,0,True,
so_29548090_block_4,after,RAW,254,False,"no element found: line 1, column 0"
so_29575747_block_2,after,RAW,0,True,
so_29866762_block_2,after,RAW,0,True,
so_30952083_block_2,after,RAW,254,False,"no element found: line 1, column 0"
so_31868761_block_4,after,RAW,0,True,
so_32164598_block_8,after,RAW,0,True,
so_32855556_block_4,after,RAW,0,True,
so_33085670_block_2,after,RAW,0,True,
so_33270545_block_2,after,RAW,0,True,
so_33561612_block_2,after,RAW,254,False,"no element found: line 1, column 0"
so_33943576_block_2,after,RAW,254,False,"no element found: line 1, column 0"
so_34174309_block_2,after,RAW,0,True,
so_34590765_block_2,after,RAW,0,True,
so_34717151_block_6,after,RAW,254,False,"no element found: line 1, column 0"
so_35094888_block_2,after,RAW,254,False,"no element found: line 1, column 0"
so_3519182_block_2,after,RAW,0,True,
so_359634_block_2,after,RAW,0,True,
so_36789749_block_6,after,RAW,0,True,
so_36805363_block_2,after,RAW,254,False,"no element found: line 1, column 0"
so_36950444_block_6,after,RAW,0,True,
so_3775893_block_6,after,RAW,0,True,
so_37957745_block_2,after,RAW,0,True,
so_38367701_block_2,after,RAW,254,False,"no element found: line 1, column 0"
so_3870210_block_4,after,RAW,0,True,
so_40056844_block_2,after,RAW,0,True,
so_40317313_block_6,after,RAW,0,True,
so_41225553_block_2,after,RAW,254,False,"no element found: line 1, column 0"
so_41251473_block_6,after,RAW,0,True,
so_41471859_block_4,after,RAW,254,False,"no element found: line 1, column 0"
so_41588054_block_2,after,RAW,0,True,
so_41751396_block_8,after,RAW,254,False,"no element found: line 1, column 0"
so_41800354_block_2,after,RAW,254,False,"no element found: line 1, column 0"
so_42681543_block_4,after,RAW,254,False,"no element found: line 1, column 0"
so_4429257_block_2,after,RAW,254,False,"no element found: line 1, column 0"
so_453067_block_2,after,RAW,0,True,
so_45774144_block_4,after,RAW,254,False,"no element found: line 1, column 0"
so_46830988_block_4,after,RAW,0,True,
so_46887834_block_2,after,RAW,254,False,"no element found: line 1, column 0"
so_47622507_block_4,after,RAW,0,True,
so_50578162_block_2,after,RAW,254,False,"no element found: line 1, column 0"
so_50738131_block_2,after,RAW,0,True,
so_51608517_block_2,after,RAW,254,False,"no element found: line 1, column 0"
so_52144662_block_2,after,RAW,0,True,
so_52148106_block_4,after,RAW,0,True,
so_53110509_block_2,after,RAW,0,True,
so_53360610_block_4,after,RAW,254,False,"no element found: line 1, column 0"
so_54119640_block_4,after,RAW,0,True,
so_54298032_block_2,after,RAW,0,True,
so_54349072_block_2,after,RAW,0,True,
so_55003173_block_2,after,RAW,254,False,"no element found: line 1, column 0"
so_55728841_block_2,after,RAW,0,True,
so_55986044_block_2,after,RAW,254,False,"no element found: line 1, column 0"
so_56259221_block_5,after,RAW,0,True,
so_56611483_block_2,after,RAW,0,True,
so_56815_block_2,after,RAW,0,True,
so_57398454_block_2,after,RAW,254,False,"no element found: line 1, column 0"
so_57560955_block_2,after,RAW,0,True,
so_57713309_block_2,after,RAW,0,True,
so_57997601_block_2,after,RAW,254,False,"no element found: line 1, column 0"
so_58346204_block_2,after,RAW,254,False,"no element found: line 1, column 0"
so_58370217_block_2,after,RAW,254,False,"no element found: line 1, column 0"
so_58617321_block_2,after,RAW,254,False,"no element found: line 1, column 0"
so_58993471_block_2,after,RAW,254,False,"no element found: line 1, column 0"
so_59239733_block_4,after,RAW,0,True,
so_59394165_block_2,after,RAW,0,True,
so_59664498_block_2,after,RAW,0,True,
so_59823215_block_2,after,RAW,0,True,
so_60123437_block_2,after,RAW,254,False,"no element found: line 1, column 0"
so_60266789_block_2,after,RAW,0,True,
so_60565131_block_4,after,RAW,0,True,
so_60816572_block_6,after,RAW,254,False,"no element found: line 1, column 0"
so_61006461_block_2,after,RAW,254,False,"no element found: line 1, column 0"
so_61391737_block_2,after,RAW,0,True,
so_61780137_block_2,after,RAW,254,False,"no element found: line 1, column 0"
so_6236324_block_2,after,RAW,254,False,"no element found: line 1, column 0"
so_62722315_block_2,after,RAW,254,False,"no element found: line 1, column 0"
so_64804977_block_4,after,RAW,254,False,"no element found: line 1, column 0"
so_64938483_block_2,after,RAW,254,False,"no element found: line 1, column 0"
so_65112087_block_2,after,RAW,254,False,"no element found: line 1, column 0"
so_6788456_block_2,after,RAW,0,True,
so_7649183_block_2,after,RAW,0,True,
so_7901334_block_2,after,RAW,254,False,"no element found: line 1, column 0"
so_9109728_block_6,after,RAW,0,True,
so_9293885_block_2,after,RAW,0,True,
so_9709606_block_2,after,RAW,254,False,"no element found: line 1, column 0"
so_10195366_block_2,before,CLASS_MEMBER,0,True,
so_10599247_block_2,before,CLASS_MEMBER,0,True,
so_10967469_block_2,before,CLASS_MEMBER,0,True,
so_11838438_block_2,before,CLASS_MEMBER,254,False,"no element found: line 1, column 0"
so_12738229_block_2,before,CLASS_MEMBER,254,False,"no element found: line 1, column 0"
so_13462440_block_6,before,CLASS_MEMBER,254,False,"no element found: line 1, column 0"
so_13558161_block_6,before,CLASS_MEMBER,0,True,
so_13956092_block_2,before,CLASS_MEMBER,0,True,
so_14676464_block_2,before,CLASS_MEMBER,0,True,
so_15160629_block_2,before,CLASS_MEMBER,254,False,"no element found: line 1, column 0"
so_16114563_block_2,before,CLASS_MEMBER,0,True,
so_16799135_block_10,before,CLASS_MEMBER,0,True,
so_18454342_block_2,before,CLASS_MEMBER,254,False,"no element found: line 1, column 0"
so_189739_block_2,before,CLASS_MEMBER,0,True,
so_19340685_block_2,before,CLASS_MEMBER,0,True,
so_2001205_block_2,before,CLASS_MEMBER,0,True,
so_20274776_block_2,before,CLASS_MEMBER,0,True,
so_20276324_block_2,before,CLASS_MEMBER,0,True,
so_20680556_block_2,before,CLASS_MEMBER,0,True,
so_20765715_block_2,before,CLASS_MEMBER,0,True,
so_2086792_block_2,before,CLASS_MEMBER,0,True,
so_21178275_block_2,before,CLASS_MEMBER,0,True,
so_2180534_block_2,before,CLASS_MEMBER,0,True,
so_2275596_block_2,before,CLASS_MEMBER,254,False,"no element found: line 1, column 0"
so_22968559_block_2,before,CLASS_MEMBER,0,True,
so_2325407_block_2,before,CLASS_MEMBER,0,True,
so_23839705_block_2,before,CLASS_MEMBER,254,False,"no element found: line 1, column 0"
so_23916259_block_2,before,CLASS_MEMBER,0,True,
so_24127188_block_2,before,CLASS_MEMBER,0,True,
so_25985720_block_14,before,CLASS_MEMBER,254,False,"no element found: line 1, column 0"
so_26046107_block_2,before,CLASS_MEMBER,254,False,"no element found: line 1, column 0"
so_27436796_block_2,before,CLASS_MEMBER,0,True,
so_27437289_block_16,before,CLASS_MEMBER,0,True,
so_27469652_block_4,before,CLASS_MEMBER,254,False,"no element found: line 1, column 0"
so_28329032_block_6,before,CLASS_MEMBER,254,False,"no element found: line 1, column 0"
so_28458368_block_4,before,CLASS_MEMBER,254,False,"no element found: line 1, column 0"
so_28901180_block_2,before,CLASS_MEMBER,0,True,
so_29226591_block_2,before,CLASS_MEMBER,0,True,
so_29230939_block_4,before,CLASS_MEMBER,0,True,
so_29330741_block_6,before,CLASS_MEMBER,0,True,
so_29548090_block_4,before,CLASS_MEMBER,0,True,
so_29575747_block_2,before,CLASS_MEMBER,254,False,"no element found: line 1, column 0"
so_29866762_block_2,before,CLASS_MEMBER,0,True,
so_30952083_block_2,before,CLASS_MEMBER,0,True,
so_31868761_block_4,before,CLASS_MEMBER,0,True,
so_32164598_block_8,before,CLASS_MEMBER,0,True,
so_32855556_block_4,before,CLASS_MEMBER,0,True,
so_33085670_block_2,before,CLASS_MEMBER,254,False,"no element found: line 1, column 0"
so_33270545_block_2,before,CLASS_MEMBER,0,True,
so_33561612_block_2,before,CLASS_MEMBER,0,True,
so_33943576_block_2,before,CLASS_MEMBER,0,True,
so_34174309_block_2,before,CLASS_MEMBER,254,False,"no element found: line 1, column 0"
so_34590765_block_2,before,CLASS_MEMBER,0,True,
so_34717151_block_6,before,CLASS_MEMBER,254,False,"no element found: line 1, column 0"
so_35094888_block_2,before,CLASS_MEMBER,254,False,"no element found: line 1, column 0"
so_3519182_block_2,before,CLASS_MEMBER,254,False,"no element found: line 1, column 0"
so_359634_block_2,before,CLASS_MEMBER,0,True,
so_36789749_block_6,before,CLASS_MEMBER,0,True,
so_36805363_block_2,before,CLASS_MEMBER,254,False,"no element found: line 1, column 0"
so_36950444_block_6,before,CLASS_MEMBER,0,True,
so_3775893_block_6,before,CLASS_MEMBER,0,True,
so_37957745_block_2,before,CLASS_MEMBER,0,True,
so_38367701_block_2,before,CLASS_MEMBER,254,False,"no element found: line 1, column 0"
so_3870210_block_4,before,CLASS_MEMBER,0,True,
so_40056844_block_2,before,CLASS_MEMBER,0,True,
so_40317313_block_6,before,CLASS_MEMBER,254,False,"no element found: line 1, column 0"
so_41225553_block_2,before,CLASS_MEMBER,254,False,"no element found: line 1, column 0"
so_41251473_block_6,before,CLASS_MEMBER,0,True,
so_41471859_block_4,before,CLASS_MEMBER,0,True,
so_41588054_block_2,before,CLASS_MEMBER,0,True,
so_41751396_block_8,before,CLASS_MEMBER,254,False,"no element found: line 1, column 0"
so_41800354_block_2,before,CLASS_MEMBER,0,True,
so_42681543_block_4,before,CLASS_MEMBER,254,False,"no element found: line 1, column 0"
so_4429257_block_2,before,CLASS_MEMBER,0,True,
so_453067_block_2,before,CLASS_MEMBER,0,True,
so_45774144_block_4,before,CLASS_MEMBER,254,False,"no element found: line 1, column 0"
so_46830988_block_4,before,CLASS_MEMBER,0,True,
so_46887834_block_2,before,CLASS_MEMBER,254,False,"no element found: line 1, column 0"
so_47622507_block_4,before,CLASS_MEMBER,0,True,
so_50578162_block_2,before,CLASS_MEMBER,254,False,"no element found: line 1, column 0"
so_50738131_block_2,before,CLASS_MEMBER,0,True,
so_51608517_block_2,before,CLASS_MEMBER,254,False,"no element found: line 1, column 0"
so_52144662_block_2,before,CLASS_MEMBER,254,False,"no element found: line 1, column 0"
so_52148106_block_4,before,CLASS_MEMBER,0,True,
so_53110509_block_2,before,CLASS_MEMBER,0,True,
so_53360610_block_4,before,CLASS_MEMBER,254,False,"no element found: line 1, column 0"
so_54119640_block_4,before,CLASS_MEMBER,254,False,"no element found: line 1, column 0"
so_54298032_block_2,before,CLASS_MEMBER,254,False,"no element found: line 1, column 0"
so_54349072_block_2,before,CLASS_MEMBER,254,False,"no element found: line 1, column 0"
so_55003173_block_2,before,CLASS_MEMBER,254,False,"no element found: line 1, column 0"
so_55728841_block_2,before,CLASS_MEMBER,0,True,
so_55986044_block_2,before,CLASS_MEMBER,254,False,"no element found: line 1, column 0"
so_56259221_block_5,before,CLASS_MEMBER,0,True,
so_56611483_block_2,before,CLASS_MEMBER,0,True,
so_56815_block_2,before,CLASS_MEMBER,0,True,
so_57398454_block_2,before,CLASS_MEMBER,0,True,
so_57560955_block_2,before,CLASS_MEMBER,0,True,
so_57713309_block_2,before,CLASS_MEMBER,0,True,
so_57997601_block_2,before,CLASS_MEMBER,254,False,"no element found: line 1, column 0"
so_58346204_block_2,before,CLASS_MEMBER,254,False,"no element found: line 1, column 0"
so_58370217_block_2,before,CLASS_MEMBER,0,True,
so_58617321_block_2,before,CLASS_MEMBER,254,False,"no element found: line 1, column 0"
so_58993471_block_2,before,CLASS_MEMBER,254,False,"no element found: line 1, column 0"
so_59239733_block_4,before,CLASS_MEMBER,0,True,
so_59394165_block_2,before,CLASS_MEMBER,0,True,
so_59664498_block_2,before,CLASS_MEMBER,254,False,"no element found: line 1, column 0"
so_59823215_block_2,before,CLASS_MEMBER,0,True,
so_60123437_block_2,before,CLASS_MEMBER,254,False,"no element found: line 1, column 0"
so_60266789_block_2,before,CLASS_MEMBER,0,True,
so_60565131_block_4,before,CLASS_MEMBER,0,True,
so_60816572_block_6,before,CLASS_MEMBER,254,False,"no element found: line 1, column 0"
so_61006461_block_2,before,CLASS_MEMBER,254,False,"no element found: line 1, column 0"
so_61391737_block_2,before,CLASS_MEMBER,0,True,
so_61780137_block_2,before,CLASS_MEMBER,254,False,"no element found: line 1, column 0"
so_6236324_block_2,before,CLASS_MEMBER,254,False,"no element found: line 1, column 0"
so_62722315_block_2,before,CLASS_MEMBER,254,False,"no element found: line 1, column 0"
so_64804977_block_4,before,CLASS_MEMBER,254,False,"no element found: line 1, column 0"
so_64938483_block_2,before,CLASS_MEMBER,254,False,"no element found: line 1, column 0"
so_65112087_block_2,before,CLASS_MEMBER,254,False,"no element found: line 1, column 0"
so_6788456_block_2,before,CLASS_MEMBER,0,True,
so_7649183_block_2,before,CLASS_MEMBER,0,True,
so_7901334_block_2,before,CLASS_MEMBER,254,False,"no element found: line 1, column 0"
so_9109728_block_6,before,CLASS_MEMBER,254,False,"no element found: line 1, column 0"
so_9293885_block_2,before,CLASS_MEMBER,0,True,
so_9709606_block_2,before,CLASS_MEMBER,254,False,"no element found: line 1, column 0"
so_10195366_block_2,after,CLASS_MEMBER,0,True,
so_10599247_block_2,after,CLASS_MEMBER,0,True,
so_10967469_block_2,after,CLASS_MEMBER,0,True,
so_11838438_block_2,after,CLASS_MEMBER,254,False,"no element found: line 1, column 0"
so_12738229_block_2,after,CLASS_MEMBER,254,False,"no element found: line 1, column 0"
so_13462440_block_6,after,CLASS_MEMBER,254,False,"no element found: line 1, column 0"
so_13558161_block_6,after,CLASS_MEMBER,0,True,
so_13956092_block_2,after,CLASS_MEMBER,0,True,
so_14676464_block_2,after,CLASS_MEMBER,254,False,"no element found: line 1, column 0"
so_15160629_block_2,after,CLASS_MEMBER,254,False,"no element found: line 1, column 0"
so_16114563_block_2,after,CLASS_MEMBER,0,True,
so_16799135_block_10,after,CLASS_MEMBER,0,True,
so_18454342_block_2,after,CLASS_MEMBER,254,False,"no element found: line 1, column 0"
so_189739_block_2,after,CLASS_MEMBER,0,True,
so_19340685_block_2,after,CLASS_MEMBER,0,True,
so_2001205_block_2,after,CLASS_MEMBER,0,True,
so_20274776_block_2,after,CLASS_MEMBER,0,True,
so_20276324_block_2,after,CLASS_MEMBER,254,False,"no element found: line 1, column 0"
so_20680556_block_2,after,CLASS_MEMBER,0,True,
so_20765715_block_2,after,CLASS_MEMBER,0,True,
so_2086792_block_2,after,CLASS_MEMBER,0,True,
so_21178275_block_2,after,CLASS_MEMBER,0,True,
so_2180534_block_2,after,CLASS_MEMBER,0,True,
so_2275596_block_2,after,CLASS_MEMBER,254,False,"no element found: line 1, column 0"
so_22968559_block_2,after,CLASS_MEMBER,254,False,"no element found: line 1, column 0"
so_2325407_block_2,after,CLASS_MEMBER,0,True,
so_23839705_block_2,after,CLASS_MEMBER,0,True,
so_23916259_block_2,after,CLASS_MEMBER,0,True,
so_24127188_block_2,after,CLASS_MEMBER,0,True,
so_25985720_block_14,after,CLASS_MEMBER,0,True,
so_26046107_block_2,after,CLASS_MEMBER,0,True,
so_27436796_block_2,after,CLASS_MEMBER,0,True,
so_27437289_block_16,after,CLASS_MEMBER,0,True,
so_27469652_block_4,after,CLASS_MEMBER,254,False,"no element found: line 1, column 0"
so_28329032_block_6,after,CLASS_MEMBER,254,False,"no element found: line 1, column 0"
so_28458368_block_4,after,CLASS_MEMBER,254,False,"no element found: line 1, column 0"
so_28901180_block_2,after,CLASS_MEMBER,0,True,
so_29226591_block_2,after,CLASS_MEMBER,254,False,"no element found: line 1, column 0"
so_29230939_block_4,after,CLASS_MEMBER,0,True,
so_29330741_block_6,after,CLASS_MEMBER,0,True,
so_29548090_block_4,after,CLASS_MEMBER,254,False,"no element found: line 1, column 0"
so_29575747_block_2,after,CLASS_MEMBER,254,False,"no element found: line 1, column 0"
so_29866762_block_2,after,CLASS_MEMBER,0,True,
so_30952083_block_2,after,CLASS_MEMBER,254,False,"no element found: line 1, column 0"
so_31868761_block_4,after,CLASS_MEMBER,0,True,
so_32164598_block_8,after,CLASS_MEMBER,0,True,
so_32855556_block_4,after,CLASS_MEMBER,0,True,
so_33085670_block_2,after,CLASS_MEMBER,254,False,"no element found: line 1, column 0"
so_33270545_block_2,after,CLASS_MEMBER,0,True,
so_33561612_block_2,after,CLASS_MEMBER,254,False,"no element found: line 1, column 0"
so_33943576_block_2,after,CLASS_MEMBER,254,False,"no element found: line 1, column 0"
so_34174309_block_2,after,CLASS_MEMBER,254,False,"no element found: line 1, column 0"
so_34590765_block_2,after,CLASS_MEMBER,0,True,
so_34717151_block_6,after,CLASS_MEMBER,254,False,"no element found: line 1, column 0"
so_35094888_block_2,after,CLASS_MEMBER,254,False,"no element found: line 1, column 0"
so_3519182_block_2,after,CLASS_MEMBER,254,False,"no element found: line 1, column 0"
so_359634_block_2,after,CLASS_MEMBER,0,True,
so_36789749_block_6,after,CLASS_MEMBER,0,True,
so_36805363_block_2,after,CLASS_MEMBER,254,False,"no element found: line 1, column 0"
so_36950444_block_6,after,CLASS_MEMBER,0,True,
so_3775893_block_6,after,CLASS_MEMBER,0,True,
so_37957745_block_2,after,CLASS_MEMBER,254,False,"no element found: line 1, column 0"
so_38367701_block_2,after,CLASS_MEMBER,254,False,"no element found: line 1, column 0"
so_3870210_block_4,after,CLASS_MEMBER,0,True,
so_40056844_block_2,after,CLASS_MEMBER,0,True,
so_40317313_block_6,after,CLASS_MEMBER,254,False,"no element found: line 1, column 0"
so_41225553_block_2,after,CLASS_MEMBER,254,False,"no element found: line 1, column 0"
so_41251473_block_6,after,CLASS_MEMBER,0,True,
so_41471859_block_4,after,CLASS_MEMBER,254,False,"no element found: line 1, column 0"
so_41588054_block_2,after,CLASS_MEMBER,0,True,
so_41751396_block_8,after,CLASS_MEMBER,254,False,"no element found: line 1, column 0"
so_41800354_block_2,after,CLASS_MEMBER,254,False,"no element found: line 1, column 0"
so_42681543_block_4,after,CLASS_MEMBER,254,False,"no element found: line 1, column 0"
so_4429257_block_2,after,CLASS_MEMBER,254,False,"no element found: line 1, column 0"
so_453067_block_2,after,CLASS_MEMBER,0,True,
so_45774144_block_4,after,CLASS_MEMBER,254,False,"no element found: line 1, column 0"
so_46830988_block_4,after,CLASS_MEMBER,0,True,
so_46887834_block_2,after,CLASS_MEMBER,254,False,"no element found: line 1, column 0"
so_47622507_block_4,after,CLASS_MEMBER,0,True,
so_50578162_block_2,after,CLASS_MEMBER,254,False,"no element found: line 1, column 0"
so_50738131_block_2,after,CLASS_MEMBER,0,True,
so_51608517_block_2,after,CLASS_MEMBER,254,False,"no element found: line 1, column 0"
so_52144662_block_2,after,CLASS_MEMBER,0,True,
so_52148106_block_4,after,CLASS_MEMBER,0,True,
so_53110509_block_2,after,CLASS_MEMBER,0,True,
so_53360610_block_4,after,CLASS_MEMBER,254,False,"no element found: line 1, column 0"
so_54119640_block_4,after,CLASS_MEMBER,254,False,"no element found: line 1, column 0"
so_54298032_block_2,after,CLASS_MEMBER,254,False,"no element found: line 1, column 0"
so_54349072_block_2,after,CLASS_MEMBER,254,False,"no element found: line 1, column 0"
so_55003173_block_2,after,CLASS_MEMBER,254,False,"no element found: line 1, column 0"
so_55728841_block_2,after,CLASS_MEMBER,0,True,
so_55986044_block_2,after,CLASS_MEMBER,254,False,"no element found: line 1, column 0"
so_56259221_block_5,after,CLASS_MEMBER,254,False,"no element found: line 1, column 0"
so_56611483_block_2,after,CLASS_MEMBER,0,True,
so_56815_block_2,after,CLASS_MEMBER,0,True,
so_57398454_block_2,after,CLASS_MEMBER,254,False,"no element found: line 1, column 0"
so_57560955_block_2,after,CLASS_MEMBER,0,True,
so_57713309_block_2,after,CLASS_MEMBER,0,True,
so_57997601_block_2,after,CLASS_MEMBER,254,False,"no element found: line 1, column 0"
so_58346204_block_2,after,CLASS_MEMBER,254,False,"no element found: line 1, column 0"
so_58370217_block_2,after,CLASS_MEMBER,254,False,"no element found: line 1, column 0"
so_58617321_block_2,after,CLASS_MEMBER,254,False,"no element found: line 1, column 0"
so_58993471_block_2,after,CLASS_MEMBER,254,False,"no element found: line 1, column 0"
so_59239733_block_4,after,CLASS_MEMBER,0,True,
so_59394165_block_2,after,CLASS_MEMBER,0,True,
so_59664498_block_2,after,CLASS_MEMBER,254,False,"no element found: line 1, column 0"
so_59823215_block_2,after,CLASS_MEMBER,0,True,
so_60123437_block_2,after,CLASS_MEMBER,254,False,"no element found: line 1, column 0"
so_60266789_block_2,after,CLASS_MEMBER,0,True,
so_60565131_block_4,after,CLASS_MEMBER,0,True,
so_60816572_block_6,after,CLASS_MEMBER,254,False,"no element found: line 1, column 0"
so_61006461_block_2,after,CLASS_MEMBER,254,False,"no element found: line 1, column 0"
so_61391737_block_2,after,CLASS_MEMBER,0,True,
so_61780137_block_2,after,CLASS_MEMBER,254,False,"no element found: line 1, column 0"
so_6236324_block_2,after,CLASS_MEMBER,254,False,"no element found: line 1, column 0"
so_62722315_block_2,after,CLASS_MEMBER,254,False,"no element found: line 1, column 0"
so_64804977_block_4,after,CLASS_MEMBER,254,False,"no element found: line 1, column 0"
so_64938483_block_2,after,CLASS_MEMBER,254,False,"no element found: line 1, column 0"
so_65112087_block_2,after,CLASS_MEMBER,254,False,"no element found: line 1, column 0"
so_6788456_block_2,after,CLASS_MEMBER,0,True,
so_7649183_block_2,after,CLASS_MEMBER,0,True,
so_7901334_block_2,after,CLASS_MEMBER,254,False,"no element found: line 1, column 0"
so_9109728_block_6,after,CLASS_MEMBER,254,False,"no element found: line 1, column 0"
so_9293885_block_2,after,CLASS_MEMBER,0,True,
so_9709606_block_2,after,CLASS_MEMBER,254,False,"no element found: line 1, column 0"
so_10195366_block_2,before,METHOD_BODY,254,False,"no element found: line 1, column 0"
so_10599247_block_2,before,METHOD_BODY,254,False,"no element found: line 1, column 0"
so_10967469_block_2,before,METHOD_BODY,254,False,"no element found: line 1, column 0"
so_11838438_block_2,before,METHOD_BODY,254,False,"no element found: line 1, column 0"
so_12738229_block_2,before,METHOD_BODY,254,False,"no element found: line 1, column 0"
so_13462440_block_6,before,METHOD_BODY,254,False,"no element found: line 1, column 0"
so_13558161_block_6,before,METHOD_BODY,0,True,
so_13956092_block_2,before,METHOD_BODY,254,False,"no element found: line 1, column 0"
so_14676464_block_2,before,METHOD_BODY,254,False,"no element found: line 1, column 0"
so_15160629_block_2,before,METHOD_BODY,254,False,"no element found: line 1, column 0"
so_16114563_block_2,before,METHOD_BODY,254,False,"no element found: line 1, column 0"
so_16799135_block_10,before,METHOD_BODY,254,False,"no element found: line 1, column 0"
so_18454342_block_2,before,METHOD_BODY,0,True,
so_189739_block_2,before,METHOD_BODY,254,False,"no element found: line 1, column 0"
so_19340685_block_2,before,METHOD_BODY,254,False,"no element found: line 1, column 0"
so_2001205_block_2,before,METHOD_BODY,0,True,
so_20274776_block_2,before,METHOD_BODY,254,False,"no element found: line 1, column 0"
so_20276324_block_2,before,METHOD_BODY,254,False,"no element found: line 1, column 0"
so_20680556_block_2,before,METHOD_BODY,0,True,
so_20765715_block_2,before,METHOD_BODY,254,False,"no element found: line 1, column 0"
so_2086792_block_2,before,METHOD_BODY,254,False,"no element found: line 1, column 0"
so_21178275_block_2,before,METHOD_BODY,254,False,"no element found: line 1, column 0"
so_2180534_block_2,before,METHOD_BODY,254,False,"no element found: line 1, column 0"
so_2275596_block_2,before,METHOD_BODY,254,False,"no element found: line 1, column 0"
so_22968559_block_2,before,METHOD_BODY,0,True,
so_2325407_block_2,before,METHOD_BODY,254,False,"no element found: line 1, column 0"
so_23839705_block_2,before,METHOD_BODY,254,False,"no element found: line 1, column 0"
so_23916259_block_2,before,METHOD_BODY,254,False,"no element found: line 1, column 0"
so_24127188_block_2,before,METHOD_BODY,0,True,
so_25985720_block_14,before,METHOD_BODY,254,False,"no element found: line 1, column 0"
so_26046107_block_2,before,METHOD_BODY,254,False,"no element found: line 1, column 0"
so_27436796_block_2,before,METHOD_BODY,254,False,"no element found: line 1, column 0"
so_27437289_block_16,before,METHOD_BODY,254,False,"no element found: line 1, column 0"
so_27469652_block_4,before,METHOD_BODY,0,True,
so_28329032_block_6,before,METHOD_BODY,254,False,"no element found: line 1, column 0"
so_28458368_block_4,before,METHOD_BODY,254,False,"no element found: line 1, column 0"
so_28901180_block_2,before,METHOD_BODY,0,True,
so_29226591_block_2,before,METHOD_BODY,0,True,
so_29230939_block_4,before,METHOD_BODY,254,False,"no element found: line 1, column 0"
so_29330741_block_6,before,METHOD_BODY,254,False,"no element found: line 1, column 0"
so_29548090_block_4,before,METHOD_BODY,0,True,
so_29575747_block_2,before,METHOD_BODY,254,False,"no element found: line 1, column 0"
so_29866762_block_2,before,METHOD_BODY,254,False,"no element found: line 1, column 0"
so_30952083_block_2,before,METHOD_BODY,254,False,"no element found: line 1, column 0"
so_31868761_block_4,before,METHOD_BODY,254,False,"no element found: line 1, column 0"
so_32164598_block_8,before,METHOD_BODY,254,False,"no element found: line 1, column 0"
so_32855556_block_4,before,METHOD_BODY,254,False,"no element found: line 1, column 0"
so_33085670_block_2,before,METHOD_BODY,254,False,"no element found: line 1, column 0"
so_33270545_block_2,before,METHOD_BODY,0,True,
so_33561612_block_2,before,METHOD_BODY,0,True,
so_33943576_block_2,before,METHOD_BODY,254,False,"no element found: line 1, column 0"
so_34174309_block_2,before,METHOD_BODY,254,False,"no element found: line 1, column 0"
so_34590765_block_2,before,METHOD_BODY,0,True,
so_34717151_block_6,before,METHOD_BODY,0,True,
so_35094888_block_2,before,METHOD_BODY,254,False,"no element found: line 1, column 0"
so_3519182_block_2,before,METHOD_BODY,254,False,"no element found: line 1, column 0"
so_359634_block_2,before,METHOD_BODY,254,False,"no element found: line 1, column 0"
so_36789749_block_6,before,METHOD_BODY,0,True,
so_36805363_block_2,before,METHOD_BODY,254,False,"no element found: line 1, column 0"
so_36950444_block_6,before,METHOD_BODY,254,False,"no element found: line 1, column 0"
so_3775893_block_6,before,METHOD_BODY,254,False,"no element found: line 1, column 0"
so_37957745_block_2,before,METHOD_BODY,254,False,"no element found: line 1, column 0"
so_38367701_block_2,before,METHOD_BODY,254,False,"no element found: line 1, column 0"
so_3870210_block_4,before,METHOD_BODY,0,True,
so_40056844_block_2,before,METHOD_BODY,254,False,"no element found: line 1, column 0"
so_40317313_block_6,before,METHOD_BODY,254,False,"no element found: line 1, column 0"
so_41225553_block_2,before,METHOD_BODY,0,True,
so_41251473_block_6,before,METHOD_BODY,254,False,"no element found: line 1, column 0"
so_41471859_block_4,before,METHOD_BODY,254,False,"no element found: line 1, column 0"
so_41588054_block_2,before,METHOD_BODY,254,False,"no element found: line 1, column 0"
so_41751396_block_8,before,METHOD_BODY,254,False,"no element found: line 1, column 0"
so_41800354_block_2,before,METHOD_BODY,0,True,
so_42681543_block_4,before,METHOD_BODY,254,False,"no element found: line 1, column 0"
so_4429257_block_2,before,METHOD_BODY,0,True,
so_453067_block_2,before,METHOD_BODY,254,False,"no element found: line 1, column 0"
so_45774144_block_4,before,METHOD_BODY,0,True,
so_46830988_block_4,before,METHOD_BODY,254,False,"no element found: line 1, column 0"
so_46887834_block_2,before,METHOD_BODY,0,True,
so_47622507_block_4,before,METHOD_BODY,254,False,"no element found: line 1, column 0"
so_50578162_block_2,before,METHOD_BODY,254,False,"no element found: line 1, column 0"
so_50738131_block_2,before,METHOD_BODY,0,True,
so_51608517_block_2,before,METHOD_BODY,254,False,"no element found: line 1, column 0"
so_52144662_block_2,before,METHOD_BODY,254,False,"no element found: line 1, column 0"
so_52148106_block_4,before,METHOD_BODY,0,True,
so_53110509_block_2,before,METHOD_BODY,254,False,"no element found: line 1, column 0"
so_53360610_block_4,before,METHOD_BODY,0,True,
so_54119640_block_4,before,METHOD_BODY,254,False,"no element found: line 1, column 0"
so_54298032_block_2,before,METHOD_BODY,254,False,"no element found: line 1, column 0"
so_54349072_block_2,before,METHOD_BODY,254,False,"no element found: line 1, column 0"
so_55003173_block_2,before,METHOD_BODY,0,True,
so_55728841_block_2,before,METHOD_BODY,254,False,"no element found: line 1, column 0"
so_55986044_block_2,before,METHOD_BODY,254,False,"no element found: line 1, column 0"
so_56259221_block_5,before,METHOD_BODY,254,False,"no element found: line 1, column 0"
so_56611483_block_2,before,METHOD_BODY,254,False,"no element found: line 1, column 0"
so_56815_block_2,before,METHOD_BODY,0,True,
so_57398454_block_2,before,METHOD_BODY,0,True,
so_57560955_block_2,before,METHOD_BODY,254,False,"no element found: line 1, column 0"
so_57713309_block_2,before,METHOD_BODY,254,False,"no element found: line 1, column 0"
so_57997601_block_2,before,METHOD_BODY,254,False,"no element found: line 1, column 0"
so_58346204_block_2,before,METHOD_BODY,254,False,"no element found: line 1, column 0"
so_58370217_block_2,before,METHOD_BODY,0,True,
so_58617321_block_2,before,METHOD_BODY,254,False,"no element found: line 1, column 0"
so_58993471_block_2,before,METHOD_BODY,0,True,
so_59239733_block_4,before,METHOD_BODY,254,False,"no element found: line 1, column 0"
so_59394165_block_2,before,METHOD_BODY,254,False,"no element found: line 1, column 0"
so_59664498_block_2,before,METHOD_BODY,254,False,"no element found: line 1, column 0"
so_59823215_block_2,before,METHOD_BODY,254,False,"no element found: line 1, column 0"
so_60123437_block_2,before,METHOD_BODY,254,False,"no element found: line 1, column 0"
so_60266789_block_2,before,METHOD_BODY,254,False,"no element found: line 1, column 0"
so_60565131_block_4,before,METHOD_BODY,254,False,"no element found: line 1, column 0"
so_60816572_block_6,before,METHOD_BODY,254,False,"no element found: line 1, column 0"
so_61006461_block_2,before,METHOD_BODY,254,False,"no element found: line 1, column 0"
so_61391737_block_2,before,METHOD_BODY,254,False,"no element found: line 1, column 0"
so_61780137_block_2,before,METHOD_BODY,254,False,"no element found: line 1, column 0"
so_6236324_block_2,before,METHOD_BODY,254,False,"no element found: line 1, column 0"
so_62722315_block_2,before,METHOD_BODY,254,False,"no element found: line 1, column 0"
so_64804977_block_4,before,METHOD_BODY,0,True,
so_64938483_block_2,before,METHOD_BODY,254,False,"no element found: line 1, column 0"
so_65112087_block_2,before,METHOD_BODY,254,False,"no element found: line 1, column 0"
so_6788456_block_2,before,METHOD_BODY,254,False,"no element found: line 1, column 0"
so_7649183_block_2,before,METHOD_BODY,254,False,"no element found: line 1, column 0"
so_7901334_block_2,before,METHOD_BODY,254,False,"no element found: line 1, column 0"
so_9109728_block_6,before,METHOD_BODY,0,True,
so_9293885_block_2,before,METHOD_BODY,254,False,"no element found: line 1, column 0"
so_9709606_block_2,before,METHOD_BODY,254,False,"no element found: line 1, column 0"
so_10195366_block_2,after,METHOD_BODY,254,False,"no element found: line 1, column 0"
so_10599247_block_2,after,METHOD_BODY,254,False,"no element found: line 1, column 0"
so_10967469_block_2,after,METHOD_BODY,254,False,"no element found: line 1, column 0"
so_11838438_block_2,after,METHOD_BODY,254,False,"no element found: line 1, column 0"
so_12738229_block_2,after,METHOD_BODY,254,False,"no element found: line 1, column 0"
so_13462440_block_6,after,METHOD_BODY,254,False,"no element found: line 1, column 0"
so_13558161_block_6,after,METHOD_BODY,0,True,
so_13956092_block_2,after,METHOD_BODY,254,False,"no element found: line 1, column 0"
so_14676464_block_2,after,METHOD_BODY,254,False,"no element found: line 1, column 0"
so_15160629_block_2,after,METHOD_BODY,254,False,"no element found: line 1, column 0"
so_16114563_block_2,after,METHOD_BODY,254,False,"no element found: line 1, column 0"
so_16799135_block_10,after,METHOD_BODY,254,False,"no element found: line 1, column 0"
so_18454342_block_2,after,METHOD_BODY,0,True,
so_189739_block_2,after,METHOD_BODY,254,False,"no element found: line 1, column 0"
so_19340685_block_2,after,METHOD_BODY,254,False,"no element found: line 1, column 0"
so_2001205_block_2,after,METHOD_BODY,0,True,
so_20274776_block_2,after,METHOD_BODY,254,False,"no element found: line 1, column 0"
so_20276324_block_2,after,METHOD_BODY,254,False,"no element found: line 1, column 0"
so_20680556_block_2,after,METHOD_BODY,0,True,
so_20765715_block_2,after,METHOD_BODY,254,False,"no element found: line 1, column 0"
so_2086792_block_2,after,METHOD_BODY,254,False,"no element found: line 1, column 0"
so_21178275_block_2,after,METHOD_BODY,254,False,"no element found: line 1, column 0"
so_2180534_block_2,after,METHOD_BODY,254,False,"no element found: line 1, column 0"
so_2275596_block_2,after,METHOD_BODY,254,False,"no element found: line 1, column 0"
so_22968559_block_2,after,METHOD_BODY,0,True,
so_2325407_block_2,after,METHOD_BODY,254,False,"no element found: line 1, column 0"
so_23839705_block_2,after,METHOD_BODY,0,True,
so_23916259_block_2,after,METHOD_BODY,254,False,"no element found: line 1, column 0"
so_24127188_block_2,after,METHOD_BODY,0,True,
so_25985720_block_14,after,METHOD_BODY,254,False,"no element found: line 1, column 0"
so_26046107_block_2,after,METHOD_BODY,0,True,
so_27436796_block_2,after,METHOD_BODY,254,False,"no element found: line 1, column 0"
so_27437289_block_16,after,METHOD_BODY,0,True,
so_27469652_block_4,after,METHOD_BODY,0,True,
so_28329032_block_6,after,METHOD_BODY,254,False,"no element found: line 1, column 0"
so_28458368_block_4,after,METHOD_BODY,254,False,"no element found: line 1, column 0"
so_28901180_block_2,after,METHOD_BODY,0,True,
so_29226591_block_2,after,METHOD_BODY,254,False,"no element found: line 1, column 0"
so_29230939_block_4,after,METHOD_BODY,254,False,"no element found: line 1, column 0"
so_29330741_block_6,after,METHOD_BODY,254,False,"no element found: line 1, column 0"
so_29548090_block_4,after,METHOD_BODY,254,False,"no element found: line 1, column 0"
so_29575747_block_2,after,METHOD_BODY,254,False,"no element found: line 1, column 0"
so_29866762_block_2,after,METHOD_BODY,254,False,"no element found: line 1, column 0"
so_30952083_block_2,after,METHOD_BODY,254,False,"no element found: line 1, column 0"
so_31868761_block_4,after,METHOD_BODY,254,False,"no element found: line 1, column 0"
so_32164598_block_8,after,METHOD_BODY,254,False,"no element found: line 1, column 0"
so_32855556_block_4,after,METHOD_BODY,254,False,"no element found: line 1, column 0"
so_33085670_block_2,after,METHOD_BODY,254,False,"no element found: line 1, column 0"
so_33270545_block_2,after,METHOD_BODY,0,True,
so_33561612_block_2,after,METHOD_BODY,254,False,"no element found: line 1, column 0"
so_33943576_block_2,after,METHOD_BODY,254,False,"no element found: line 1, column 0"
so_34174309_block_2,after,METHOD_BODY,254,False,"no element found: line 1, column 0"
so_34590765_block_2,after,METHOD_BODY,0,True,
so_34717151_block_6,after,METHOD_BODY,0,True,
so_35094888_block_2,after,METHOD_BODY,254,False,"no element found: line 1, column 0"
so_3519182_block_2,after,METHOD_BODY,254,False,"no element found: line 1, column 0"
so_359634_block_2,after,METHOD_BODY,254,False,"no element found: line 1, column 0"
so_36789749_block_6,after,METHOD_BODY,0,True,
so_36805363_block_2,after,METHOD_BODY,254,False,"no element found: line 1, column 0"
so_36950444_block_6,after,METHOD_BODY,254,False,"no element found: line 1, column 0"
so_3775893_block_6,after,METHOD_BODY,254,False,"no element found: line 1, column 0"
so_37957745_block_2,after,METHOD_BODY,254,False,"no element found: line 1, column 0"
so_38367701_block_2,after,METHOD_BODY,254,False,"no element found: line 1, column 0"
so_3870210_block_4,after,METHOD_BODY,0,True,
so_40056844_block_2,after,METHOD_BODY,254,False,"no element found: line 1, column 0"
so_40317313_block_6,after,METHOD_BODY,254,False,"no element found: line 1, column 0"
so_41225553_block_2,after,METHOD_BODY,0,True,
so_41251473_block_6,after,METHOD_BODY,254,False,"no element found: line 1, column 0"
so_41471859_block_4,after,METHOD_BODY,254,False,"no element found: line 1, column 0"
so_41588054_block_2,after,METHOD_BODY,254,False,"no element found: line 1, column 0"
so_41751396_block_8,after,METHOD_BODY,254,False,"no element found: line 1, column 0"
so_41800354_block_2,after,METHOD_BODY,254,False,"no element found: line 1, column 0"
so_42681543_block_4,after,METHOD_BODY,254,False,"no element found: line 1, column 0"
so_4429257_block_2,after,METHOD_BODY,254,False,"no element found: line 1, column 0"
so_453067_block_2,after,METHOD_BODY,254,False,"no element found: line 1, column 0"
so_45774144_block_4,after,METHOD_BODY,0,True,
so_46830988_block_4,after,METHOD_BODY,254,False,"no element found: line 1, column 0"
so_46887834_block_2,after,METHOD_BODY,0,True,
so_47622507_block_4,after,METHOD_BODY,254,False,"no element found: line 1, column 0"
so_50578162_block_2,after,METHOD_BODY,254,False,"no element found: line 1, column 0"
so_50738131_block_2,after,METHOD_BODY,0,True,
so_51608517_block_2,after,METHOD_BODY,254,False,"no element found: line 1, column 0"
so_52144662_block_2,after,METHOD_BODY,0,True,
so_52148106_block_4,after,METHOD_BODY,0,True,
so_53110509_block_2,after,METHOD_BODY,254,False,"no element found: line 1, column 0"
so_53360610_block_4,after,METHOD_BODY,254,False,"no element found: line 1, column 0"
so_54119640_block_4,after,METHOD_BODY,254,False,"no element found: line 1, column 0"
so_54298032_block_2,after,METHOD_BODY,254,False,"no element found: line 1, column 0"
so_54349072_block_2,after,METHOD_BODY,254,False,"no element found: line 1, column 0"
so_55003173_block_2,after,METHOD_BODY,0,True,
so_55728841_block_2,after,METHOD_BODY,254,False,"no element found: line 1, column 0"
so_55986044_block_2,after,METHOD_BODY,254,False,"no element found: line 1, column 0"
so_56259221_block_5,after,METHOD_BODY,254,False,"no element found: line 1, column 0"
so_56611483_block_2,after,METHOD_BODY,254,False,"no element found: line 1, column 0"
so_56815_block_2,after,METHOD_BODY,0,True,
so_57398454_block_2,after,METHOD_BODY,254,False,"no element found: line 1, column 0"
so_57560955_block_2,after,METHOD_BODY,254,False,"no element found: line 1, column 0"
so_57713309_block_2,after,METHOD_BODY,254,False,"no element found: line 1, column 0"
so_57997601_block_2,after,METHOD_BODY,254,False,"no element found: line 1, column 0"
so_58346204_block_2,after,METHOD_BODY,254,False,"no element found: line 1, column 0"
so_58370217_block_2,after,METHOD_BODY,254,False,"no element found: line 1, column 0"
so_58617321_block_2,after,METHOD_BODY,254,False,"no element found: line 1, column 0"
so_58993471_block_2,after,METHOD_BODY,254,False,"no element found: line 1, column 0"
so_59239733_block_4,after,METHOD_BODY,254,False,"no element found: line 1, column 0"
so_59394165_block_2,after,METHOD_BODY,254,False,"no element found: line 1, column 0"
so_59664498_block_2,after,METHOD_BODY,254,False,"no element found: line 1, column 0"
so_59823215_block_2,after,METHOD_BODY,254,False,"no element found: line 1, column 0"
so_60123437_block_2,after,METHOD_BODY,254,False,"no element found: line 1, column 0"
so_60266789_block_2,after,METHOD_BODY,254,False,"no element found: line 1, column 0"
so_60565131_block_4,after,METHOD_BODY,254,False,"no element found: line 1, column 0"
so_60816572_block_6,after,METHOD_BODY,254,False,"no element found: line 1, column 0"
so_61006461_block_2,after,METHOD_BODY,254,False,"no element found: line 1, column 0"
so_61391737_block_2,after,METHOD_BODY,254,False,"no element found: line 1, column 0"
so_61780137_block_2,after,METHOD_BODY,254,False,"no element found: line 1, column 0"
so_6236324_block_2,after,METHOD_BODY,254,False,"no element found: line 1, column 0"
so_62722315_block_2,after,METHOD_BODY,254,False,"no element found: line 1, column 0"
so_64804977_block_4,after,METHOD_BODY,0,True,
so_64938483_block_2,after,METHOD_BODY,254,False,"no element found: line 1, column 0"
so_65112087_block_2,after,METHOD_BODY,0,True,
so_6788456_block_2,after,METHOD_BODY,254,False,"no element found: line 1, column 0"
so_7649183_block_2,after,METHOD_BODY,0,True,
so_7901334_block_2,after,METHOD_BODY,254,False,"no element found: line 1, column 0"
so_9109728_block_6,after,METHOD_BODY,254,False,"no element found: line 1, column 0"
so_9293885_block_2,after,METHOD_BODY,254,False,"no element found: line 1, column 0"
so_9709606_block_2,after,METHOD_BODY,254,False,"no element found: line 1, column 0"
