Snippet ID,Before Dataset Path,After Dataset Path,Before SHA256,After SHA256,Accepted Study Row Count,Accepted Study Row IDs,Recommendation Group,Identical Before After
so_10195366_block_2,dataset/before_agress_yes/so_10195366_block_2.java,dataset/after_agress_yes/so_10195366_block_2.java,a58727dc729e40407ea5156e7ea07f7e9e4410cbfe7533d3bce7b5153b168b2a,55731e677712f23637783e8065ec9b159d7ae850f6e8c3af573e2d4c44d951bb,4,6;7;8;102,Improving Code,NO
so_10599247_block_2,dataset/before_agress_yes/so_10599247_block_2.java,dataset/after_agress_yes/so_10599247_block_2.java,ecde3723d4598b1ca0eed48fe47ce655c50919139d253129621d2c633193182e,eb38dae6094bdd8bbfea30cedc56a12bc9a1bbf110e34f5d05a39342012d1e3d,1,234,Improving Code,NO
so_10967469_block_2,dataset/before_agress_yes/so_10967469_block_2.java,dataset/after_agress_yes/so_10967469_block_2.java,bcfa75ce673f8f6c3249005ad31b32c7e1a0e753295dd6561eddb4820ab7eb3b,3e7c4f1fe341b28f8fb308d941f5cb447f4d319342bdc4042123583b93fb5bde,2,397;676,Improving Code,NO
so_11838438_block_2,dataset/before_agress_yes/so_11838438_block_2.java,dataset/after_agress_yes/so_11838438_block_2.java,582f83d6a63f1d916136bcd0f1f1cf2201f4dc637c41abe1afc9c01b240b2245,d80f0b1cc81680256ce8ae1bd9cd8e36f35fbfb276cb1deff70e302692888f16,1,271,Improving Code,NO
so_12738229_block_2,dataset/before_agress_yes/so_12738229_block_2.java,dataset/after_agress_yes/so_12738229_block_2.java,e59eefc203075710a16d2ff905e25a8455e7f0647be8442e42cd1c8f6baa219e,8addf2217f2455522b6f349f1e21ced79da062b232dd2cb01dfbd2bf54569e8e,7,89;90;91;92;104;473;667,Improving Code,NO
so_13462440_block_6,dataset/before_agress_yes/so_13462440_block_6.java,dataset/after_agress_yes/so_13462440_block_6.java,ba4b890c0b23ed577f6be46b7453b403884e0c723031b71daed72ff266690e5b,90f3828c19535b9cb830b9cf7cd1ef748f7d7d3b3cf752d1d6d0fd40e1553787,6,45;141;295;356;440;751,Improving Code,NO
so_13558161_block_6,dataset/before_agress_yes/so_13558161_block_6.java,dataset/after_agress_yes/so_13558161_block_6.java,ab1319300053bc600d281c7ad28e5b8645f3570033b8856aabd03b33e1351368,ab1319300053bc600d281c7ad28e5b8645f3570033b8856aabd03b33e1351368,1,584,Improving Code,YES
so_13956092_block_2,dataset/before_agress_yes/so_13956092_block_2.java,dataset/after_agress_yes/so_13956092_block_2.java,83294dd1d33dd4d9c41a1c5931e6db6ac3be1b370833fb572dcfa4e9279d96b1,fc96e321b959ca9d374fd452a60161f81cd89f8a76e95eb7e7a43f37d0c8821e,1,772,Improving Code,NO
so_14676464_block_2,dataset/before_agress_yes/so_14676464_block_2.java,dataset/after_agress_yes/so_14676464_block_2.java,15dc424b300354da913e231feb0a2095fafcec950a5b62dc58522962ec7c251d,a238d91856fd9ff5856afef1a10724fc97d14a06e3ebbb6bd3603f6a21eef9c8,7,729;730;731;732;733;734;736,Improving Code,NO
so_15160629_block_2,dataset/before_agress_yes/so_15160629_block_2.java,dataset/after_agress_yes/so_15160629_block_2.java,5bea1084013273542bacf5bfd8f505b4966f43ee0800ea28a749d83a0bd26764,c979d4926de0d59d1ddaabd47a4e458dbc5fe833b0899625f1b007f1ac2d6531,8,285;286;287;288;290;291;292;293,Improving Code,NO
so_16114563_block_2,dataset/before_agress_yes/so_16114563_block_2.java,dataset/after_agress_yes/so_16114563_block_2.java,2844fa7a9e8c8126e9c2412078579387b26316453e6d0a52cd154daac2a1807b,9c3ff2c088e95a5e0bee371e11fed504a014246f7ae1d650ba823fb95893af6a,1,513,Improving Code,NO
so_16799135_block_10,dataset/before_agress_yes/so_16799135_block_10.java,dataset/after_agress_yes/so_16799135_block_10.java,b12229d17fef9aacb11c9f5c8ef437018af7c1106c85e26950e4e34a497e3664,b12229d17fef9aacb11c9f5c8ef437018af7c1106c85e26950e4e34a497e3664,6,50;70;257;300;334;361,Improving Code,YES
so_18454342_block_2,dataset/before_agress_yes/so_18454342_block_2.java,dataset/after_agress_yes/so_18454342_block_2.java,9bffd9220efd097d6c6eeffc42b02aaeee8b7fb0f441e1e8645ad2d3adce504c,1ca5d870aac777c6deff9544dd4f00c6711d9851ed9941b26b178510f91e1747,1,19,Improving Code,NO
so_189739_block_2,dataset/before_agress_yes/so_189739_block_2.java,dataset/after_agress_yes/so_189739_block_2.java,9b2836e1794195f35822446c496d7fcf4dd14bec49720253396dfe2a506402d6,11436f23a99c3d71791c7a2d0578732507c161d62a393a42b6456877a666d3f0,1,246,Improving Code,NO
so_19340685_block_2,dataset/before_agress_yes/so_19340685_block_2.java,dataset/after_agress_yes/so_19340685_block_2.java,18f3502e965b0327abf84e26ff748cb15baea7226c41bd6b0f5b2f1234640f84,866130c91aef2d639837286e6e518742340778cd0724912f1a922552d6396505,2,248;322,Improving Code,NO
so_2001205_block_2,dataset/before_agress_yes/so_2001205_block_2.java,dataset/after_agress_yes/so_2001205_block_2.java,aaa264937c850ac5403c31ca2926c0777bbb8cfdca20bfe1e0f6f532657e36fd,810722e4e524af3157ac1c3311791f45358ba57777622bb342a88ea3e5161288,1,405,Improving Code,NO
so_20274776_block_2,dataset/before_agress_yes/so_20274776_block_2.java,dataset/after_agress_yes/so_20274776_block_2.java,e7ba5c1dc136da6b90f33e59321e1ae94565be3d49fdfda99c96fe5f3cfa58ca,6ba55751d71bed7221760a0b9460341fcff8b6245c82ecf56f57310458e27eb9,2,162;163,Improving Code,NO
so_20276324_block_2,dataset/before_agress_yes/so_20276324_block_2.java,dataset/after_agress_yes/so_20276324_block_2.java,5695a22933971fa6072f5c54889aff3df36731cfb90c3305121d23500678527f,7a32897fc8d38d33162eb25d6527cc757a05b62960943ace45a2964e70113a1a,1,582,Improving Code,NO
so_20680556_block_2,dataset/before_agress_yes/so_20680556_block_2.java,dataset/after_agress_yes/so_20680556_block_2.java,68d072323601f5f89eca096a0dfde9b111cecf3ecf7a0851368f9ebedc6af261,68a5207892886935e40757f6cf97c554a337da46cfa3ecceb714722eab2b2da6,4,268;788;789;790,Improving Code,NO
so_20765715_block_2,dataset/before_agress_yes/so_20765715_block_2.java,dataset/after_agress_yes/so_20765715_block_2.java,bf296cae117281ecc5daea7d41cc53ab03d5dd43f9459459d65d978b02dc8141,9c11bec2ebf3df22607f3bba1c04f996dbcbbda24ad444021b5a53efb91cc846,3,99;100;624,Improving Code,NO
so_2086792_block_2,dataset/before_agress_yes/so_2086792_block_2.java,dataset/after_agress_yes/so_2086792_block_2.java,d7988a80c064e77b766123e644c5475e9e5d4f3f17a458e0d11f9303c3fa50d3,5cc551aba120d7079b09463d3eb9842eda2d1b649ed842fe8ec771846f9e63e5,1,211,Improving Code,NO
so_21178275_block_2,dataset/before_agress_yes/so_21178275_block_2.java,dataset/after_agress_yes/so_21178275_block_2.java,39bf7510ef797de5f896f75d3e4207a20dc2841132c0f40db98c9b96a44fb03c,63a824538e0afb79765ed5571f66811ce5368753593b967b6d1bf8fc7bcd6a02,1,497,Improving Code,NO
so_2180534_block_2,dataset/before_agress_yes/so_2180534_block_2.java,dataset/after_agress_yes/so_2180534_block_2.java,b98de6e142579248de3a50d92406f61246fd157c32b1a7cb6af88ba8b8e72651,768112a15fb64d9934efb45049d46f5972258baf290e6a6ca4e0933d19ed3eb8,1,221,Bug Fixing,NO
so_2275596_block_2,dataset/before_agress_yes/so_2275596_block_2.java,dataset/after_agress_yes/so_2275596_block_2.java,953f9b5186e2ed017544c8436201c5dc357668688a8f74225aa27c62728e8a05,ecde1051f9257bacb3f51c9fa8c88b57001ecf3cbdc632a56bb7d98890d031e0,1,781,Bug Fixing,NO
so_22968559_block_2,dataset/before_agress_yes/so_22968559_block_2.java,dataset/after_agress_yes/so_22968559_block_2.java,5ad243d2d5838c7fbcdd17d0905488ba4bd673e140ea5d4f8d4e82d2ef55dd8c,507fa98bec558749f98e408dee155b344f765828d72463f31ea955593bbd2931,1,222,Improving Code,NO
so_2325407_block_2,dataset/before_agress_yes/so_2325407_block_2.java,dataset/after_agress_yes/so_2325407_block_2.java,bd05ca702197c9a62be41fef9a59be69f2b38e0963d9f31e322f6ceab55f02f7,8933a1f1f1ab6071d6aedbb2e55e1d65bca9e84eeb43a994505c08a83b5268f2,1,538,Bug Fixing,NO
so_23839705_block_2,dataset/before_agress_yes/so_23839705_block_2.java,dataset/after_agress_yes/so_23839705_block_2.java,a0d2824f566134462ffb703279f18bd3aa507f4ebc1257c9dc9e0bb4c57499ec,ad95dc627aad9881c9047f1b2e7081fd6ab03f45629b7161de996ee6c7f1a7a9,1,206,Improving Code,NO
so_23916259_block_2,dataset/before_agress_yes/so_23916259_block_2.java,dataset/after_agress_yes/so_23916259_block_2.java,c3154c769181c65d9a67dd258ff95514d3f8d6c1b1f99298daeb1dafa19bc476,aba08f51e26d122d794a9519fb0d008afe343351bab25c96ea2402dcaa992146,1,326,Improving Code,NO
so_24127188_block_2,dataset/before_agress_yes/so_24127188_block_2.java,dataset/after_agress_yes/so_24127188_block_2.java,65660651ad735777bbe3dbfdbef6581efdbaf72a62b2e7f4e11345ba72e8cfc4,9c613d25f05a3f7b48a39ccdb5a2a629fa527c6ff199f86249eeef159d142f85,17,27;28;29;30;260;261;262;347;657;658;659;661;662;663;690;691;692,Improving Code,NO
so_25985720_block_14,dataset/before_agress_yes/so_25985720_block_14.java,dataset/after_agress_yes/so_25985720_block_14.java,7e79b31ff297e251c046bbde61abf31949e9bd705cd72a44e3162a0381b27b22,f9d527dce981b6e07b9c1a042661b0aad3a84b94651f494e0d71549617fbb07f,2,113;114,Improving Code,NO
so_26046107_block_2,dataset/before_agress_yes/so_26046107_block_2.java,dataset/after_agress_yes/so_26046107_block_2.java,7a2257e26bff705fd5258652335fc4995078c83d444c1581ce2113c9bb9e502a,9a9ebc6929de73b734ea7537467b7b22a0cea235cfd4de8efe9fda14114c2a43,1,244,Improving Code,NO
so_27436796_block_2,dataset/before_agress_yes/so_27436796_block_2.java,dataset/after_agress_yes/so_27436796_block_2.java,12a3665fadbf965def226e763166563cfa5a9c7fb9b7962a4901bf980c53f4a5,013fc74b4b1e50d7151fc65fefa8cc44da4b053589a2734d54ef3a8a8aba2240,3,111;414;726,Improving Code,NO
so_27437289_block_16,dataset/before_agress_yes/so_27437289_block_16.java,dataset/after_agress_yes/so_27437289_block_16.java,08ff354c079c364cae621c4d3b136e43a5fe3a8f225858b3cbcc52fa89e994dd,a51f3a6271d9f5cad64aebebb1134d2c56535da607b6cef83fdad324daf4264a,1,238,Improving Code,NO
so_27469652_block_4,dataset/before_agress_yes/so_27469652_block_4.java,dataset/after_agress_yes/so_27469652_block_4.java,16d932144839702d67d77621fa2764cc56c5b23e23a0bb5f5b5c8c887d9ca08f,1f5882d62501f2759ef125e7bb6c83d9d1e276ae3ce86217990c51faf038bfa8,1,486,Improving Code,NO
so_28329032_block_6,dataset/before_agress_yes/so_28329032_block_6.java,dataset/after_agress_yes/so_28329032_block_6.java,63bc67f141e9e119774b6d46b9acd4ea93d08a09f2b8f41d5321a384f31e6754,63bc67f141e9e119774b6d46b9acd4ea93d08a09f2b8f41d5321a384f31e6754,1,329,Improving Code,YES
so_28458368_block_4,dataset/before_agress_yes/so_28458368_block_4.java,dataset/after_agress_yes/so_28458368_block_4.java,0b652644da05da93327d971da834fee2bd5198a68ba6e51937e471c0da926d7d,65a9474ff52e3acd8d30f6f043ffa03ecb81dbd5093760740a1bc1eb6a5dff98,1,101,Improving Code,NO
so_28901180_block_2,dataset/before_agress_yes/so_28901180_block_2.java,dataset/after_agress_yes/so_28901180_block_2.java,cc7686211bec754143607a2cff97ba9f5d3f0f02a9940bbdd3134806b544818f,e831767033c0679cf09d9c5fc8b8893d0c670e32d52e198ea028f8694600a728,1,520,Improving Code,NO
so_29226591_block_2,dataset/before_agress_yes/so_29226591_block_2.java,dataset/after_agress_yes/so_29226591_block_2.java,e99cca2ab56689fa638e323d4b999f0b5f83bbd0b31cdc2215791580c63badc1,213156717c22542af6c6187910b453a2ebf1395b16933bc8933be7ca4e67aca5,1,44,Improving Code,NO
so_29230939_block_4,dataset/before_agress_yes/so_29230939_block_4.java,dataset/after_agress_yes/so_29230939_block_4.java,ccfa95fcc0ba216d9a68d4dfd1c4640497a2acf2c4f4e0febf691422e996b2c8,ccfa95fcc0ba216d9a68d4dfd1c4640497a2acf2c4f4e0febf691422e996b2c8,4,258;259;335;336,Improving Code,YES
so_29330741_block_6,dataset/before_agress_yes/so_29330741_block_6.java,dataset/after_agress_yes/so_29330741_block_6.java,9307832391140acf4a96db84b514584bd55eca9e37b43841df3abf69ad712e43,9307832391140acf4a96db84b514584bd55eca9e37b43841df3abf69ad712e43,10,51;71;252;301;320;338;362;382;446;757,Improving Code,YES
so_29548090_block_4,dataset/before_agress_yes/so_29548090_block_4.java,dataset/after_agress_yes/so_29548090_block_4.java,6b90dea73cd58ce18ee8e9badc51e4c4b58240e3b2a65c0b40c42a085927e1ad,9f7e8685039d021fb3399b7c3c436c57eb37ee08b2ed4f700b521c80050fc60b,2,26;427,Improving Code,NO
so_29575747_block_2,dataset/before_agress_yes/so_29575747_block_2.java,dataset/after_agress_yes/so_29575747_block_2.java,b78d3ba26e7694dac38df31ee8599e50b7c206c64e7aaf74861d6dc431ee579e,574e8bc2f4533a95d494a78a241a9b466f13a7ff0d4a2cc9070f48b6857967e4,1,481,Improving Code,NO
so_29866762_block_2,dataset/before_agress_yes/so_29866762_block_2.java,dataset/after_agress_yes/so_29866762_block_2.java,f2d6cbd0090a5f2d602e8ecb6f9e7d1f017c9b1874ab1fd7662f6c775d2ff52c,f2d6cbd0090a5f2d602e8ecb6f9e7d1f017c9b1874ab1fd7662f6c775d2ff52c,12,47;48;67;143;255;298;316;332;359;378;423;573,Improving Code,YES
so_30952083_block_2,dataset/before_agress_yes/so_30952083_block_2.java,dataset/after_agress_yes/so_30952083_block_2.java,b18c63e54d18e9ff6863cc9cce6643ecafa5c823f705753f873044ca5c8ae870,892609dcc7fa9b621f8400bf44732694b5940a334a03934f90b6377aca5a8d64,1,186,Bug Fixing,NO
so_31868761_block_4,dataset/before_agress_yes/so_31868761_block_4.java,dataset/after_agress_yes/so_31868761_block_4.java,22886ca135cb98f1b5e1147bf37f34819a8e4f2b214a51adfd8c8c151ea8d68d,22886ca135cb98f1b5e1147bf37f34819a8e4f2b214a51adfd8c8c151ea8d68d,1,344,Improving Code,YES
so_32164598_block_8,dataset/before_agress_yes/so_32164598_block_8.java,dataset/after_agress_yes/so_32164598_block_8.java,448fa3eaf137d350088b3fe97cd82eae4e6a934f1deefbe92ccdcd68c198f5d9,af2f3b2d3535b9b160b6fb5541de8eba1cdece49d577bc7ea9c189213e33d9e1,3,228;247;774,Bug Fixing,NO
so_32855556_block_4,dataset/before_agress_yes/so_32855556_block_4.java,dataset/after_agress_yes/so_32855556_block_4.java,d38d855bb2dd2c500f587c08e1509c4aa6cb3dff0eea86430df2ac4a8e55fe17,09b1a1afe44f87fa0ae926403e6269b960e62708c05134dd5bd0c258ad6b9cdd,2,39;735,Improving Code,NO
so_33085670_block_2,dataset/before_agress_yes/so_33085670_block_2.java,dataset/after_agress_yes/so_33085670_block_2.java,777016c39c79029434891b376cf649f5cb5cf12f708b6fb6ea3fea931770a481,dd24a5338f6432d0475bf59fa6c6f4d2d84b3634510849ddc212f3a925e7bc0e,1,623,Improving Code,NO
so_33270545_block_2,dataset/before_agress_yes/so_33270545_block_2.java,dataset/after_agress_yes/so_33270545_block_2.java,6455bbac135345e2816b17b037ae8ae37d18e9c845fa1f271f7b21a42984bc77,f9249842926d29256928e4e7fea1d08d3a471a523fb0550e643fdfe54e3b6927,1,593,Improving Code,NO
so_33561612_block_2,dataset/before_agress_yes/so_33561612_block_2.java,dataset/after_agress_yes/so_33561612_block_2.java,406110e4b09bcf8f5b8ed155e2e17cc830512c3be5db286d38d6447eca5ed56b,3f06c9271458533d7554ee99988b3cf1b1b5852312c3bb4835fda325781c9e12,4,110;242;603;721,Improving Code,NO
so_33943576_block_2,dataset/before_agress_yes/so_33943576_block_2.java,dataset/after_agress_yes/so_33943576_block_2.java,4657d206372030326c72e6cff1df1d072fdd2fac0e550859c91890533c32e632,f27e10e017024c3ec8aa9f91d6eb0ac7d63718faf9b765f86b65db7e81a77f52,1,622,Bug Fixing,NO
so_34174309_block_2,dataset/before_agress_yes/so_34174309_block_2.java,dataset/after_agress_yes/so_34174309_block_2.java,b9819eaf8e074fce22e962f70cebc2e3e9db218554c1fdc41d96a6caa8e5250a,5bb571963e291571d7b1d18eb9d1858ee62f13262a44740b046b14d0e83de13d,1,510,Improving Code,NO
so_34590765_block_2,dataset/before_agress_yes/so_34590765_block_2.java,dataset/after_agress_yes/so_34590765_block_2.java,0eb7f809af4200c1f41540a6ddb25c8b75ace5ab6beb069285d53c130b0118e9,98a1aeeada23f2bf912050a3217443460a747619bcdbca5c221bc05d5ceea4cc,4,488;489;490;491,Bug Fixing,NO
so_34717151_block_6,dataset/before_agress_yes/so_34717151_block_6.java,dataset/after_agress_yes/so_34717151_block_6.java,37edd2adcf486081ab9cd8abc1d7dc41ec0dede12a1e78cca98ae265ecf80441,8a238578ec0e00a03426375c0226620d4cad69049af1ab6735040ee43a7861e2,4,610;611;612;619,Improving Code,NO
so_35094888_block_2,dataset/before_agress_yes/so_35094888_block_2.java,dataset/after_agress_yes/so_35094888_block_2.java,b627d3d619e9c734afdcabec6ca0ec189decffd1a94a6cd684f50a8023ec3a4a,b8476515be63d66c862387d4f1b7ea348a1f25f7782854fdcdc67cd838f5633a,1,42,Improving Code,NO
so_3519182_block_2,dataset/before_agress_yes/so_3519182_block_2.java,dataset/after_agress_yes/so_3519182_block_2.java,9fe8cb98c927d3e5910df38b7d8814640c1c40f88341d0f01e97d1bb9039aa13,bb547f8ab7877eb7ee85e48ebe26592786ce00ea84a137134e21a95f5151ce91,3,9;210;239,MULTIPLE_TYPES,NO
so_359634_block_2,dataset/before_agress_yes/so_359634_block_2.java,dataset/after_agress_yes/so_359634_block_2.java,4f978fabff5a6c65dc3b1e1626e7a3b076e09639fa01fd0d59f681312f7dde5a,66e99e0d8b7540339ac9cb804e9ea99ad7ba28fa9bfd17bc8fa37c24f7662a9d,2,24;784,Bug Fixing,NO
so_36789749_block_6,dataset/before_agress_yes/so_36789749_block_6.java,dataset/after_agress_yes/so_36789749_block_6.java,9bd84cb8f94b4210af9de2a2f9190960bc0bffd3d129c9af514d93e760dba75b,3cde6fdf9cb874ed5c4e7e7557a42ba9088e7a42779de456d570f1705ed64ed1,1,534,Improving Code,NO
so_36805363_block_2,dataset/before_agress_yes/so_36805363_block_2.java,dataset/after_agress_yes/so_36805363_block_2.java,bc6c3cb88a0388ada0e42fdedda83c49f7b7ff72e37becd184ad203cc0d54035,0b3c5ee603e76dab4229063802e1a467054d3c82a11e50ee3e7424550dcfcdeb,1,86,Improving Code,NO
so_36950444_block_6,dataset/before_agress_yes/so_36950444_block_6.java,dataset/after_agress_yes/so_36950444_block_6.java,729946cd1ca1850b56c31b18a18fda416fc7878464fe37838f42e6ac7cbeeb00,92972a8e4c15d9bb32be2ee1c17d15a09b78c47f9ccb61c905c29d17359f7f9e,1,43,Improving Code,NO
so_3775893_block_6,dataset/before_agress_yes/so_3775893_block_6.java,dataset/after_agress_yes/so_3775893_block_6.java,98611ee6c66c7cb6e1a14d5e1fc2d3e3cadbf689bbf7ea38106eea835c0c26fa,98611ee6c66c7cb6e1a14d5e1fc2d3e3cadbf689bbf7ea38106eea835c0c26fa,2,195;196,Improving Code,YES
so_37957745_block_2,dataset/before_agress_yes/so_37957745_block_2.java,dataset/after_agress_yes/so_37957745_block_2.java,39bd83dcd5b2797ee1066d4894cad87da72a8ae206b13eda8c9d543ed478fa38,8939a108f339bbe400d36a237dafdb9c6e823cc7b355e172411716a2c58b8716,1,324,Bug Fixing,NO
so_38367701_block_2,dataset/before_agress_yes/so_38367701_block_2.java,dataset/after_agress_yes/so_38367701_block_2.java,4161468fc63a2fde71a1d30bbf1cb6d725b673bb76a2d9c811401ef82103d9da,1e9cd4fd7705c788c2cdb7f53ebee711ba578ac7ce2915f3523ae046388039e7,1,548,Improving Code,NO
so_3870210_block_4,dataset/before_agress_yes/so_3870210_block_4.java,dataset/after_agress_yes/so_3870210_block_4.java,0dabec2490d466f1417df15a9f28dc024641561f2623fea0145b7d6cacc1f653,a1a6f6663976660036d12becac1cd2540321d5047a4760d7f9d574cef36c7411,6,145;438;462;529;575;696,Improving Code,NO
so_40056844_block_2,dataset/before_agress_yes/so_40056844_block_2.java,dataset/after_agress_yes/so_40056844_block_2.java,24257270a176a59ee4e667e2a3f19ac9828385982ebfdc6710df06de13ab3ede,afe15d212a85e72f2d346781e044ab31cb89276f7483c6d494ca57ca860136bf,13,421;556;557;558;559;560;561;562;563;564;565;566;567,MULTIPLE_TYPES,NO
so_40317313_block_6,dataset/before_agress_yes/so_40317313_block_6.java,dataset/after_agress_yes/so_40317313_block_6.java,7dfa936786cc67d3c037027a692310b13e7659b872d9f332cc8856b63f299eeb,0846ff12cccd2aca1014be3f2cc2b9f30a89e534115f461331ae822a8eab0dcb,1,681,Improving Code,NO
so_41225553_block_2,dataset/before_agress_yes/so_41225553_block_2.java,dataset/after_agress_yes/so_41225553_block_2.java,49c241681ddc58a2ad13b4dec2528e01a7d95a60d9e0a536a7b0b40c363c0558,03250ba56bda6aab12a1cbdb4108a9160e9e1ba7bfb97f47a8742c608b8fee3a,1,328,Improving Code,NO
so_41251473_block_6,dataset/before_agress_yes/so_41251473_block_6.java,dataset/after_agress_yes/so_41251473_block_6.java,46cdf0e2d3120c5fb652e05563d06b9a0b9c2cf1ec41bf5ed7beaf2b4315bf27,2895ef2e11b37ff63a6796e06c8a0105f729d026ccfd139d8abcb923a8f927b9,6,87;176;194;200;201;251,Improving Code,NO
so_41471859_block_4,dataset/before_agress_yes/so_41471859_block_4.java,dataset/after_agress_yes/so_41471859_block_4.java,a4646713e7ae23e9018b56247f604bbd97a0518229959de975f79e394edcd6b7,7cc1b1e1cfeac678e13aea982909ac46150af0f6e6731059f1a51953f4d41cc4,1,16,Improving Code,NO
so_41588054_block_2,dataset/before_agress_yes/so_41588054_block_2.java,dataset/after_agress_yes/so_41588054_block_2.java,6407e5b92fd3f0df67dca36f566404d2b52e4922eb040d73f536220ce3c68abe,a495e28eae97ecee06ada0ea6dfd04017f4b79dea128b133a06112f9f4b0b2be,1,281,Improving Code,NO
so_41751396_block_8,dataset/before_agress_yes/so_41751396_block_8.java,dataset/after_agress_yes/so_41751396_block_8.java,b6163466e5b4998da9ae539b779c232eea33aba7b0aef12d7c4091f9e3681cd0,b6163466e5b4998da9ae539b779c232eea33aba7b0aef12d7c4091f9e3681cd0,3,137;138;139,Improving Code,YES
so_41800354_block_2,dataset/before_agress_yes/so_41800354_block_2.java,dataset/after_agress_yes/so_41800354_block_2.java,870da65346e92d76b5178a2bb6813b117d2771830e38c8e025ed0c75d3f48ca3,adf6f35bcf21ebdea41f51e92e1244536a0d973b4a83239c8ff782a286ad344e,1,116,Improving Code,NO
so_42681543_block_4,dataset/before_agress_yes/so_42681543_block_4.java,dataset/after_agress_yes/so_42681543_block_4.java,f4cc84a6827414a0f33730ebef919fb9352772e8c355802cb33ca1d370555d68,cea4e78cd66b0ececa31d3a51c7b9e75b79d79c5fc7d531eeacd69850e3ca56a,4,164;166;523;527,MULTIPLE_TYPES,NO
so_4429257_block_2,dataset/before_agress_yes/so_4429257_block_2.java,dataset/after_agress_yes/so_4429257_block_2.java,a20fac73d781f23f09f3fce794e7e1072bf712145ef78229c63e338565117572,3bff83ed5d01e562c18a5534b800c04be01f460ebbfb5b5a715d0c6915239603,8,18;31;95;98;198;349;535;540,MULTIPLE_TYPES,NO
so_453067_block_2,dataset/before_agress_yes/so_453067_block_2.java,dataset/after_agress_yes/so_453067_block_2.java,bec6f00ca9ec803d02d0496fe6b4c00928b98b01818bb04e97a263c729ba01a6,50adf61ebdca4f0974f96d3657ce7cc2318aba152f1e396352f03c105a987f42,2,474;668,Improving Code,NO
so_45774144_block_4,dataset/before_agress_yes/so_45774144_block_4.java,dataset/after_agress_yes/so_45774144_block_4.java,1216f5c4f1f44d6e392f399cf6b2f85caa4164c01226ec09a1192dbb79fae81c,6f2d006bf421a42f38ba5c2aab1c42442d2dbf11d8d86b7321c81057421ee7a3,1,53,Improving Code,NO
so_46830988_block_4,dataset/before_agress_yes/so_46830988_block_4.java,dataset/after_agress_yes/so_46830988_block_4.java,73ad567e827a0c242a3d4dca670e673db9bfe0077c48eaf8d743be9a61a6bd3c,04f1af82ab5ef3bd62bb61923457ae2036fa2e587b7eb736660af6c1c77a813c,1,333,Improving Code,NO
so_46887834_block_2,dataset/before_agress_yes/so_46887834_block_2.java,dataset/after_agress_yes/so_46887834_block_2.java,f7ec155e0585704387e4335e233397d422a2264f46bbd8fdeacf66898273692f,d7ee5c40913edec17a358574d33363cde48c6d9227acfc45aa8bbd7c3f27b22c,3,181;182;503,Bug Fixing,NO
so_47622507_block_4,dataset/before_agress_yes/so_47622507_block_4.java,dataset/after_agress_yes/so_47622507_block_4.java,ad816577a75d8c02a09013767dd27254c8d5777243a15acc0ba05c1acbb08857,69608ebb6b561bf2f3c2df6a2d8e7d44e70673d5a22dc4cc9a86992550c2fee7,1,235,Improving Code,NO
so_50578162_block_2,dataset/before_agress_yes/so_50578162_block_2.java,dataset/after_agress_yes/so_50578162_block_2.java,06036c02c8b19887b7bb112b8f81833c805c6ec8779346aad09ebb35373658b6,0aede1d97bb844fb057280b72a193d2f1f68437bd90be7fc4f3123b4f7538705,2,319;337,Improving Code,NO
so_50738131_block_2,dataset/before_agress_yes/so_50738131_block_2.java,dataset/after_agress_yes/so_50738131_block_2.java,35b5bc13024c12663fb74839a322ceb48a49b4faf69bac0246130a69297ea75e,b68841ee1552ce986185fce6fba813a20e181841be5422e9315bbe4c3f47f161,1,88,Improving Code,NO
so_51608517_block_2,dataset/before_agress_yes/so_51608517_block_2.java,dataset/after_agress_yes/so_51608517_block_2.java,cda3743fef82ec3fd27bfd1306760b4e16bcd851bc4be8779b5269cf13d66289,ad69813b769521467d19463ccbca5beb345e91795b5192453204018f3fffdc0c,2,677;678,Improving Code,NO
so_52144662_block_2,dataset/before_agress_yes/so_52144662_block_2.java,dataset/after_agress_yes/so_52144662_block_2.java,38c9b0af6c7b72fb8ef335c608cc0a29de5a06db345a15d0b0df9d5bd2ba2176,6a7cf28dc7e28556e0f014a659ecad07fd495f497b931efe70358582b46bc1b7,13,123;177;180;197;202;266;323;353;420;464;539;738;783,Improving Code,NO
so_52148106_block_4,dataset/before_agress_yes/so_52148106_block_4.java,dataset/after_agress_yes/so_52148106_block_4.java,138171008c927af08327a9ceef6bacfd9772f1248905d4ed6754ebf6aa7acb4b,9a20662a95564400a003bd7702ee39811b22ce9275115c2b44dad56cfd25a91b,12,32;33;34;35;36;37;38;596;625;626;627;695,Improving Code,NO
so_53110509_block_2,dataset/before_agress_yes/so_53110509_block_2.java,dataset/after_agress_yes/so_53110509_block_2.java,f07d5603692a15b0a3f217aca9e3469216ffc89094774454b047d2d09ac75b94,a7d5d9855bca8c40d55625821efcfb9e9afee631986d2043079d23a79f02efe4,1,233,Improving Code,NO
so_53360610_block_4,dataset/before_agress_yes/so_53360610_block_4.java,dataset/after_agress_yes/so_53360610_block_4.java,bfca89ebd8797ee1e0722f57d8ca70cf799316d01c073f2ee36c2702d0ab0bac,4a6c39e19ca7ac86f3e12c06bb7545f862f06db0baaea6252dca6cba7f595b36,1,621,Improving Code,NO
so_54119640_block_4,dataset/before_agress_yes/so_54119640_block_4.java,dataset/after_agress_yes/so_54119640_block_4.java,1e8670e5db4acea2d69c9616a6fd4f48d79abea75dd11de2bf423a6facede987,c79561d259372e64c92baee0ea15582f9708e25c72982ea45a93bf88bde56fb9,6,54;148;304;341;365;579,Improving Code,NO
so_54298032_block_2,dataset/before_agress_yes/so_54298032_block_2.java,dataset/after_agress_yes/so_54298032_block_2.java,8652eda83c2d8d684097dcd10a396b73c6be540f73d4ab63c984d7b1a4de4d6c,2a4b1694b1b994de43761fa8e98b3fd530e2df3ef7923adac41b73001dceba5d,2,570;718,Improving Code,NO
so_54349072_block_2,dataset/before_agress_yes/so_54349072_block_2.java,dataset/after_agress_yes/so_54349072_block_2.java,1f51f4515b4e03ac75db25bb824d5f477c146ed50a48a9e089343889faf8c5ed,791d83b81ae9259947cba062986d8e28118aaf88f046b37da0ac786166fef35f,1,121,Improving Code,NO
so_55003173_block_2,dataset/before_agress_yes/so_55003173_block_2.java,dataset/after_agress_yes/so_55003173_block_2.java,07e60fb998a8f9bcd70c27208faac95f1b425505ea271105ac15df74414f9395,1b1c4b1325fea9561f254bee4d3a39a583053aaa3e9fbe1183b2c1012f7ee6ff,3,4;230;699,Bug Fixing,NO
so_55728841_block_2,dataset/before_agress_yes/so_55728841_block_2.java,dataset/after_agress_yes/so_55728841_block_2.java,4d89bb077e5b83372997917661e4398633aa34cf71de22fe43056024113d1ad5,63cdac3ad37a46284271ebca9690d4cd3c9fff7b389dda71d72dc21d8969dfe7,1,426,Improving Code,NO
so_55986044_block_2,dataset/before_agress_yes/so_55986044_block_2.java,dataset/after_agress_yes/so_55986044_block_2.java,60e2b0c53a74185a58456e9ce96ea282077d294aac225a75901bd7e017d6e4f4,1c0d54ed4ba855e7efdd7f47700ffe751ceef1190ade624add30fae754575cc0,4,776;777;778;779,Improving Code,NO
so_56259221_block_5,dataset/before_agress_yes/so_56259221_block_5.java,dataset/after_agress_yes/so_56259221_block_5.java,6e710baf5021ced647df67440e3f0088e2aaeb175c867b50a5f5a16b2758da54,18838c8b27e6e856b034de364d789b7436b2c0f6a9d10cf6168812dff63d2811,1,112,Improving Code,NO
so_56611483_block_2,dataset/before_agress_yes/so_56611483_block_2.java,dataset/after_agress_yes/so_56611483_block_2.java,b10b0edcb57260843a135491740d6d751b08b336063592f0bb5a3d507d4a2937,7df0f108fcb297335a8e23ee96c38a7537416475d64e182546d9330eacd81a58,1,269,Improving Code,NO
so_56815_block_2,dataset/before_agress_yes/so_56815_block_2.java,dataset/after_agress_yes/so_56815_block_2.java,a0105f36231b68660f12b424a1c987311a93e10650980a0c33816b16ff371cba,b36be72b0b6cb23bf907e34bed19d1a50c9dd2b79438feb618435991e0e31902,1,130,Improving Code,NO
so_57398454_block_2,dataset/before_agress_yes/so_57398454_block_2.java,dataset/after_agress_yes/so_57398454_block_2.java,522ac93761bae3820068a374f0c58edca01d596503ac022fd229147ed9748a66,51d3cb558f9612b71ece676d90577aa4b560351af02292fe344de388460acce4,6,131;132;133;134;135;136,Improving Code,NO
so_57560955_block_2,dataset/before_agress_yes/so_57560955_block_2.java,dataset/after_agress_yes/so_57560955_block_2.java,9bebb1d011b5d92550ae312757c23fdf47788c588ab70ac142f997030ea4ceb9,68ff14a3d1581f985cc1c8db8cb3a569da679eb58c9b8bfb29b3f05703cf3ac9,1,409,Improving Code,NO
so_57713309_block_2,dataset/before_agress_yes/so_57713309_block_2.java,dataset/after_agress_yes/so_57713309_block_2.java,3003bceeb6b7d89c155867bcec096b9f2f53d9454b26a3af4cb95fe2582276bc,67a6fe2a42449d01b5d917b7e24ec209f906fc77f12729c12a014e677df27ba9,1,771,Bug Fixing,NO
so_57997601_block_2,dataset/before_agress_yes/so_57997601_block_2.java,dataset/after_agress_yes/so_57997601_block_2.java,c2204b2e6fe448f1e0bca6525e480f72c30fd8807ddc1d4aa4ce054ef9a80c24,6ba8c8e8a60ee070eb2b4fc18a0d331a0fe907a54834664759a06b42f67b85dc,2,125;263,Improving Code,NO
so_58346204_block_2,dataset/before_agress_yes/so_58346204_block_2.java,dataset/after_agress_yes/so_58346204_block_2.java,42d72ac618d2360d503a19d8a6947d2a90473ab0c6e2baa4c98f00e61c73c3fe,b2321bb0e5fd19e2d47cfe63f63d317a45888a0d2dbe392486763c34dfc3a94c,1,188,Improving Code,NO
so_58370217_block_2,dataset/before_agress_yes/so_58370217_block_2.java,dataset/after_agress_yes/so_58370217_block_2.java,43cc10d1937302e5a8b329c60b68c21bde909fbe66f219d2199123cbcf13bb24,e5d1a9afc2e2c93478994f4bf08bfa6d0f75d4850cc19d2718ea81477a23b239,25,1;243;343;354;396;413;434;459;502;522;635;636;637;638;639;640;641;720;743;744;745;746;747;748;787,Improving Code,NO
so_58617321_block_2,dataset/before_agress_yes/so_58617321_block_2.java,dataset/after_agress_yes/so_58617321_block_2.java,055294e275cf83d697642244b7e51cba81579307a9bd2e92888a6d5fe34f74c5,cf14625a123db4bab2ab7da6d70ad666935f22e4b1b3ba9e7317da7303bc3bf6,6,84;154;313;374;395;458,Improving Code,NO
so_58993471_block_2,dataset/before_agress_yes/so_58993471_block_2.java,dataset/after_agress_yes/so_58993471_block_2.java,ef4970b0ff9f119100eac4cd671c6849357cd75b102db21dc4f9070398b5bfb8,f776ff3e2c9a7566cb9e148cf653d56af10d4d37cb35490610182f5296c4e2f0,1,46,Improving Code,NO
so_59239733_block_4,dataset/before_agress_yes/so_59239733_block_4.java,dataset/after_agress_yes/so_59239733_block_4.java,866c7c5dfa8d463693730197ec534f632908cbb117f68c086f712f53007464d6,72109c5cd6da1c819dbcc6e8bbceae857142bbde9929f5acb860dd10b7c15a13,1,604,Improving Code,NO
so_59394165_block_2,dataset/before_agress_yes/so_59394165_block_2.java,dataset/after_agress_yes/so_59394165_block_2.java,886f79caa81b421a811937cce1036dd81734d3bc4599d0e1c47c91ef0c7dbfbc,78f1c7409fe5d2667fe587f571e2550dfbe7d1ef6c436b52e87fc43014cea220,1,279,Improving Code,NO
so_59664498_block_2,dataset/before_agress_yes/so_59664498_block_2.java,dataset/after_agress_yes/so_59664498_block_2.java,d287d69a3c23fbe918341bfc2bcb73b02863373fe90d651f46e5099bef5cf1c9,d189ac23b570433f4a4be0e0e8d05bd0c002cd4470213fac1b803667eb5b5698,15,103;168;237;475;653;700;701;702;703;704;705;706;707;708;709,MULTIPLE_TYPES,NO
so_59823215_block_2,dataset/before_agress_yes/so_59823215_block_2.java,dataset/after_agress_yes/so_59823215_block_2.java,43357d3d856c71fb6d89ccf127a0afa3e49da82c8d6649d0c3c87c201b3b0d2f,48ef4037328d8fe5918d14cfdfa8b031acc304f18cae7771b69f142af600a1a6,1,506,Improving Code,NO
so_60123437_block_2,dataset/before_agress_yes/so_60123437_block_2.java,dataset/after_agress_yes/so_60123437_block_2.java,787c23c58283a053ff3169fb08e06ac0b0fb1aa84376a1fe899d91d9112cbb4c,014b2bf4ee56f9a5538e4d2e5f39a20077a9be25886ea5f286b870836444b7a7,1,724,Improving Code,NO
so_60266789_block_2,dataset/before_agress_yes/so_60266789_block_2.java,dataset/after_agress_yes/so_60266789_block_2.java,965d6b102ef4353b34244d3a8f7fd78f7d3ec93de4adf44ac9f067a304994517,f5d0f99e551986ab714a5c9071b6dfd07fd610c30bde3c0915af92838cb3e23c,6,2;12;14;212;283;284,Bug Fixing,NO
so_60565131_block_4,dataset/before_agress_yes/so_60565131_block_4.java,dataset/after_agress_yes/so_60565131_block_4.java,f7eefffaed68691394c2affd941025a4c2a90bc2019ff90b831c8c5a737d460a,cc5dcb34b3883cac1001a00177dbc6a2a24cb4893803423f2681cca119a0657b,1,250,Improving Code,NO
so_60816572_block_6,dataset/before_agress_yes/so_60816572_block_6.java,dataset/after_agress_yes/so_60816572_block_6.java,329a54836850a282dc3481cb3f143073facc9cbd2df43550559ee80238181e47,f1074e03d4993ca8f048ce80063e6775a78b48d1d007a42b89cf1f0193649eec,1,468,Improving Code,NO
so_61006461_block_2,dataset/before_agress_yes/so_61006461_block_2.java,dataset/after_agress_yes/so_61006461_block_2.java,3af40c9b3101eb02d65d7455f92b92554d11fb89a8ee44f115405c335fa5c093,291e635c0c10e349da1f9c6190e86488836fcc7bf88d5b7f39ad7080b7671774,2,422;722,MULTIPLE_TYPES,NO
so_61391737_block_2,dataset/before_agress_yes/so_61391737_block_2.java,dataset/after_agress_yes/so_61391737_block_2.java,afe5debae050bff4788f8fc52e537703bf3707aa7180576e45473bb9bc642a46,1fa0faebc1a75f2c8a69b7ddd74203fc8b550c37c5024c4bdc88cb7787d9bcbe,1,249,Improving Code,NO
so_61780137_block_2,dataset/before_agress_yes/so_61780137_block_2.java,dataset/after_agress_yes/so_61780137_block_2.java,7465b5a38386d21f98a02ec347369b8deaec40fa0723cb23dce98438f6588dea,93a33afa7f5cbb9472e9a0e964095a64cd45eadeb88cf15913b90567c79739c1,2,117;216,Improving Code,NO
so_6236324_block_2,dataset/before_agress_yes/so_6236324_block_2.java,dataset/after_agress_yes/so_6236324_block_2.java,c9df2036e47f9a9627072872705d66b0765c3f4f169a452666a3ab150c03ebff,8bd330a5c0fec90e76e15c2fbd6c6f1bff45921151b4a65ee07ffe3c8397d904,3,191;192;551,Improving Code,NO
so_62722315_block_2,dataset/before_agress_yes/so_62722315_block_2.java,dataset/after_agress_yes/so_62722315_block_2.java,24544c1ad25fc7fae7a77ba58908a49943403da9bf0dcd6e9fcc38e86a4f6ad8,e2ac616925ea8d4ae04ebf349fe282d7c2023af94144d869fbdfe818423a4356,4,219;220;740;791,Improving Code,NO
so_64804977_block_4,dataset/before_agress_yes/so_64804977_block_4.java,dataset/after_agress_yes/so_64804977_block_4.java,eb73f774c73b557fc9bbdbd28788419b61df00c79cfbe106a8cac07198b28239,fa7c2474c77529f96d418929091f6e8a17dbd03a99f03984c2dc539f4a83e723,2,122;227,Bug Fixing,NO
so_64938483_block_2,dataset/before_agress_yes/so_64938483_block_2.java,dataset/after_agress_yes/so_64938483_block_2.java,98b1daded41f2311283afdb0c811cf369edb74131a7ec18e96ba5a02146feeef,7a7d226ceb229cb1a2032306bba7358de48086650875ea2c8bb7a0343506b220,7,57;76;307;368;387;452;763,Improving Code,NO
so_65112087_block_2,dataset/before_agress_yes/so_65112087_block_2.java,dataset/after_agress_yes/so_65112087_block_2.java,00006abdfcee2f0cd6d31027d5d2dfe9cc78f907b796b83f830f607e24bd3795,71b17ab0dfef241038698cbe84f936e0729edbf566847627be4c2299f2e71464,4,41;482;483;710,Improving Code,NO
so_6788456_block_2,dataset/before_agress_yes/so_6788456_block_2.java,dataset/after_agress_yes/so_6788456_block_2.java,f1cdc8df23a8788db77f143d400492d8b4e4c82699cf796fbcc90ec7fb33983d,2f31dd6b5f0f42f763579358fb323649dd81e892378ad9b8812e9ee057ca869b,2,22;23,Improving Code,NO
so_7649183_block_2,dataset/before_agress_yes/so_7649183_block_2.java,dataset/after_agress_yes/so_7649183_block_2.java,d03b3ae9548c5184561cc088497755c110290e7d629b6c5579c5721f7413328a,2f6eef1eb05e2a69335d19e9f035b8501a9370348a2e01fff6f5fa20ca4226ec,1,782,Improving Code,NO
so_7901334_block_2,dataset/before_agress_yes/so_7901334_block_2.java,dataset/after_agress_yes/so_7901334_block_2.java,45255bec872708d2786a046f66ea439a7e400542eaef3c6783a1dfa3859fd27c,a9aad277dc12990c1bb58181039e0f5eaeb76da1990e1f50c75561f975f98e12,1,532,Bug Fixing,NO
so_9109728_block_6,dataset/before_agress_yes/so_9109728_block_6.java,dataset/after_agress_yes/so_9109728_block_6.java,7fb1fe7dcdd73d933b8a0d25a428261ad6eea8353f2ad084bffea0733891f7ae,127fadbdac4aca8ba5eb7c9a95b7cf0333b9b38c5b9ca58cfd251d5e5d0e301a,1,345,Improving Code,NO
so_9293885_block_2,dataset/before_agress_yes/so_9293885_block_2.java,dataset/after_agress_yes/so_9293885_block_2.java,a916c369e52c88a4f6c427a680db92383847125017c9fef3af55b034cb291c19,2a7bfcda094a8dd312bb8740fe545d7bdce7f2ed7470f4dafaef302a58f8d157,15,20;97;178;199;236;314;406;521;571;583;616;649;651;685;750,MULTIPLE_TYPES,NO
so_9709606_block_2,dataset/before_agress_yes/so_9709606_block_2.java,dataset/after_agress_yes/so_9709606_block_2.java,5090c26969e3ab84280a8a899ab6bdf72c644e36c522906e7e56d3ab93d91bc1,1a5084296fd7d236000720935f0f495186e9ee7e9b6cf8a831dec9abfdd2dab0,5,10;11;402;530;672,Improving Code,NO
